Gene stable ID,Gene name,Chromosome/scaffold name,Gene start (bp),Gene end (bp)
ENSMUSG00000101796,Gm29277,Y,206151,207788
ENSMUSG00000101492,Gm29089,Y,321659,323295
ENSMUSG00000100968,Gm2098,Y,670179,695777
ENSMUSG00000053211,Zfy1,Y,725128,797409
ENSMUSG00000069053,Uba1y,Y,818649,844224
ENSMUSG00000101036,Gm28588,Y,841783,847750
ENSMUSG00000101107,Gm28587,Y,869709,873309
ENSMUSG00000101666,Rhoay-ps3,Y,873640,874215
ENSMUSG00000056673,Kdm5d,Y,897788,956786
ENSMUSG00000075874,n-R5s1,Y,991630,991748
ENSMUSG00000106618,Gm47281,Y,991657,991716
ENSMUSG00000069049,Eif2s3y,Y,1010543,1028847
ENSMUSG00000099876,Gm29650,Y,1048393,1049134
ENSMUSG00000091749,Tspy-ps,Y,1055764,1058868
ENSMUSG00000068457,Uty,Y,1096861,1245759
ENSMUSG00000069045,Ddx3y,Y,1260771,1286629
ENSMUSG00000101059,Gm4017,Y,1268548,1268885
ENSMUSG00000099809,Gm18665,Y,1277313,1277582
ENSMUSG00000069044,Usp9y,Y,1298961,1459782
ENSMUSG00000077793,Gm25565,Y,1308273,1308377
ENSMUSG00000100842,Gm17790,Y,1736187,1737414
ENSMUSG00000101947,Gm29167,Y,1788576,1789167
ENSMUSG00000100619,Gm8446,Y,1946919,1973442
ENSMUSG00000100877,Gm28534,Y,2004144,2004819
ENSMUSG00000100576,Gm28975,Y,2061234,2061919
ENSMUSG00000100326,Gm28974,Y,2076580,2076810
ENSMUSG00000100356,Gm18797,Y,2078596,2085281
ENSMUSG00000101443,Rhoay-ps1,Y,2095392,2095972
ENSMUSG00000000103,Zfy2,Y,2106015,2170409
ENSMUSG00000099614,Uba1y-ps2,Y,2264257,2278687
ENSMUSG00000099973,Gm18796,Y,2298529,2314624
ENSMUSG00000099888,Gm29552,Y,2325791,2326450
ENSMUSG00000100445,Gm29550,Y,2328880,2329287
ENSMUSG00000102072,Gm29551,Y,2336696,2337393
ENSMUSG00000101290,Gm8480,Y,2380664,2381361
ENSMUSG00000100103,Gm29553,Y,2397266,2397544
ENSMUSG00000093335,Gm22119,Y,2446010,2446108
ENSMUSG00000102120,Gm28630,Y,2552500,2552997
ENSMUSG00000099445,Gm28629,Y,2597674,2597936
ENSMUSG00000094881,H2al2c,Y,2599099,2599434
ENSMUSG00000099748,Uba1y-ps1,Y,2637211,2647300
ENSMUSG00000069036,Sry,Y,2662471,2663658
ENSMUSG00000101064,Gm18798,Y,2678944,2689032
ENSMUSG00000095573,H2al2b,Y,2720339,2720674
ENSMUSG00000101114,Gm28628,Y,2721836,2722099
ENSMUSG00000102053,Gm4064,Y,2785165,2796205
ENSMUSG00000100700,Gm6137,Y,2806115,2806692
ENSMUSG00000101066,Gm8498,Y,2825380,2826353
ENSMUSG00000094658,Rbmy,Y,2830680,2841854
ENSMUSG00000095852,Gm10256,Y,2830699,2873492
ENSMUSG00000100145,Gm8502,Y,2856974,2857874
ENSMUSG00000099405,Gm8506,Y,2895798,2896626
ENSMUSG00000091987,Gm10352,Y,2900989,2912206
ENSMUSG00000099728,Gm8510,Y,2927358,2928252
ENSMUSG00000101667,Gm29289,Y,2932582,2939416
ENSMUSG00000093918,Gm21677,Y,3294976,3306449
ENSMUSG00000099455,Gm29288,Y,3310714,3311614
ENSMUSG00000094511,Gm21693,Y,3326750,3345329
ENSMUSG00000101141,Gm21139,Y,3349656,3350532
ENSMUSG00000093987,Gm21704,Y,3367147,3410167
ENSMUSG00000100285,Gm21147,Y,3383123,3384035
ENSMUSG00000095948,Gm21708,Y,3399188,3410167
ENSMUSG00000100960,Gm21156,Y,3414421,3415289
ENSMUSG00000099970,Rhoay-ps2,Y,3747151,3747731
ENSMUSG00000099660,Gm2316,Y,3766452,3767372
ENSMUSG00000096520,Gm3376,Y,3771673,3783267
ENSMUSG00000101016,Gm2325,Y,3804121,3804701
ENSMUSG00000100360,Gm28649,Y,3846545,3853545
ENSMUSG00000099838,Gm8521,Y,3859067,3859672
ENSMUSG00000100132,Gm18177,Y,3875525,3875928
ENSMUSG00000101030,Gm28429,Y,3886204,3886566
ENSMUSG00000100641,Gm28413,Y,3905027,3905317
ENSMUSG00000101145,Gm28412,Y,3909381,3909557
ENSMUSG00000100656,Gm8525,Y,3948853,3949713
ENSMUSG00000100082,Gm28414,Y,3950043,3950336
ENSMUSG00000101712,Gm28648,Y,3968870,3983656
ENSMUSG00000101558,Gm28647,Y,3986025,3986221
ENSMUSG00000100753,Gm29435,Y,3991193,3991881
ENSMUSG00000101499,Vmn2r-ps139,Y,4005164,4016574
ENSMUSG00000101108,Gm29038,Y,4164028,4164705
ENSMUSG00000100300,Gm28191,Y,4227580,4239057
ENSMUSG00000100683,Gm28186,Y,4311904,4312582
ENSMUSG00000102088,Gm21064,Y,4341127,4381726
ENSMUSG00000099514,Gm28241,Y,4531045,4531637
ENSMUSG00000100446,Gm28242,Y,4586871,4590103
ENSMUSG00000102680,Gm37222,Y,4666848,4669808
ENSMUSG00000099684,Gm28356,Y,4768840,4794934
ENSMUSG00000100984,Gm28357,Y,4885200,4887558
ENSMUSG00000100137,Gm29352,Y,4892859,4893402
ENSMUSG00000100958,Gm29351,Y,4903523,4904050
ENSMUSG00000099575,Gm29350,Y,4940856,4941396
ENSMUSG00000100597,Gm29349,Y,4951400,4951897
ENSMUSG00000099410,Gm29355,Y,5002140,5002836
ENSMUSG00000093927,Gm20918,Y,5043937,5046265
ENSMUSG00000101212,Gm29354,Y,5146887,5147582
ENSMUSG00000101041,Gm29353,Y,5235231,5237553
ENSMUSG00000118417,Gm50460,Y,5247795,5248337
ENSMUSG00000095693,Gm21820,Y,5248359,5249441
ENSMUSG00000101611,Gm29357,Y,5286082,5286779
ENSMUSG00000101769,Gm29356,Y,5320598,5320970
ENSMUSG00000100792,Gm29161,Y,5340177,5340875
ENSMUSG00000099766,Gm28767,Y,5383039,5383152
ENSMUSG00000099726,Gm29160,Y,5391538,5392236
ENSMUSG00000101576,Gm20915,Y,5440160,5460208
ENSMUSG00000102115,Gm28766,Y,5465722,5465955
ENSMUSG00000102102,Gm29159,Y,5472490,5472868
ENSMUSG00000098514,Gm27663,Y,5542752,5542861
ENSMUSG00000099761,Gm29158,Y,5617083,5620317
ENSMUSG00000096706,Gm21854,Y,5656986,5659574
ENSMUSG00000101805,Gm28768,Y,5682517,5682894
ENSMUSG00000101380,Gm28769,Y,5695785,5696399
ENSMUSG00000096268,Gm20914,Y,5725978,5728317
ENSMUSG00000100634,Gm28171,Y,5793395,5795728
ENSMUSG00000100056,Gm28173,Y,5899578,5902813
ENSMUSG00000102338,Gm37236,Y,5912031,5915279
ENSMUSG00000101291,Gm29194,Y,5934890,5938242
ENSMUSG00000096036,Gm21778,Y,5942460,5945031
ENSMUSG00000102042,Gm29195,Y,5973657,5974035
ENSMUSG00000100878,Gm29196,Y,5986815,5987432
ENSMUSG00000099721,Gm28435,Y,5998624,5998731
ENSMUSG00000101619,Gm28436,Y,6018394,6019091
ENSMUSG00000100710,Gm29197,Y,6084520,6085221
ENSMUSG00000100292,Gm29198,Y,6198427,6201677
ENSMUSG00000101081,Gm29193,Y,6220975,6246362
ENSMUSG00000099815,Gm28430,Y,6224822,6227191
ENSMUSG00000118404,Gm21746,Y,6237453,6237995
ENSMUSG00000101525,Gm28593,Y,6259341,6262689
ENSMUSG00000095148,Gm20873,Y,6267098,6269548
ENSMUSG00000101707,Gm28916,Y,6305733,6306431
ENSMUSG00000100275,Gm28915,Y,6368874,6369572
ENSMUSG00000100472,Gm28918,Y,6454156,6454854
ENSMUSG00000100289,Gm28917,Y,6576815,6577051
ENSMUSG00000101243,Gm28919,Y,6583546,6615511
ENSMUSG00000079806,Gm21719,Y,6680421,6682872
ENSMUSG00000100479,Gm28921,Y,6694078,6694455
ENSMUSG00000099352,Gm28920,Y,6717540,6718238
ENSMUSG00000101388,Gm28444,Y,6724211,6727474
ENSMUSG00000101055,Gm28443,Y,6870145,6870842
ENSMUSG00000096686,Gm20830,Y,6916300,6918282
ENSMUSG00000099505,Gm28442,Y,6952407,6952905
ENSMUSG00000100161,Gm28445,Y,6974976,6978213
ENSMUSG00000102039,Gm20788,Y,7027311,7028007
ENSMUSG00000101913,Gm28999,Y,7085143,7088378
ENSMUSG00000094484,Gm21244,Y,7165068,7169293
ENSMUSG00000101479,Gm28997,Y,7196381,7197172
ENSMUSG00000100939,Gm28998,Y,7253787,7280017
ENSMUSG00000100262,Gm28398,Y,7299029,7299475
ENSMUSG00000100453,Gm28397,Y,7340242,7340940
ENSMUSG00000100858,Gm28400,Y,7353770,7354149
ENSMUSG00000099965,Gm28399,Y,7377152,7377469
ENSMUSG00000100948,Gm28395,Y,7378876,7382220
ENSMUSG00000118447,Gm21788,Y,7405010,7405552
ENSMUSG00000100961,Gm28394,Y,7415351,7418585
ENSMUSG00000100806,Gm28396,Y,7464101,7464479
ENSMUSG00000101521,Gm28393,Y,7552848,7556083
ENSMUSG00000094081,Gm20826,Y,7632774,7638489
ENSMUSG00000101181,Vmn2r-ps149,Y,7665545,7666321
ENSMUSG00000100645,Gm28576,Y,7722941,7749195
ENSMUSG00000100124,Gm28575,Y,7768203,7768649
ENSMUSG00000101956,Gm28574,Y,7809403,7810101
ENSMUSG00000101351,Gm28573,Y,7822919,7823298
ENSMUSG00000100412,Gm28572,Y,7846294,7846611
ENSMUSG00000102026,Gm28571,Y,7848018,7851362
ENSMUSG00000099800,Gm28570,Y,7884460,7887694
ENSMUSG00000099861,Gm29049,Y,7994833,7997168
ENSMUSG00000095324,Gm20825,Y,8069168,8071507
ENSMUSG00000101616,Gm29047,Y,8087690,8087797
ENSMUSG00000100312,Gm29048,Y,8092144,8102756
ENSMUSG00000100258,Gm29045,Y,8137439,8138136
ENSMUSG00000101229,Gm29046,Y,8144038,8147387
ENSMUSG00000101456,Gm29043,Y,8196252,8198619
ENSMUSG00000100421,Gm29044,Y,8247646,8257801
ENSMUSG00000103618,Gm37951,Y,8251026,8254057
ENSMUSG00000101928,Gm20824,Y,8257907,8284105
ENSMUSG00000100239,Gm28146,Y,8344310,8345010
ENSMUSG00000100460,Gm28145,Y,8357996,8358375
ENSMUSG00000101331,Gm28148,Y,8381405,8382101
ENSMUSG00000101366,Gm28147,Y,8412716,8415081
ENSMUSG00000101142,Gm28142,Y,8498822,8499519
ENSMUSG00000100047,Gm28141,Y,8517395,8517736
ENSMUSG00000101858,Gm28144,Y,8570058,8570756
ENSMUSG00000100933,Gm28143,Y,8590448,8590556
ENSMUSG00000100804,Gm28150,Y,8602111,8602724
ENSMUSG00000101672,Gm28149,Y,8612098,8612475
ENSMUSG00000099929,Gm28098,Y,8635534,8636232
ENSMUSG00000099939,Gm28330,Y,8644954,8654329
ENSMUSG00000100491,Gm28331,Y,8675892,8678256
ENSMUSG00000099566,Gm28099,Y,8764233,8764931
ENSMUSG00000101053,Gm20815,Y,8832821,8835169
ENSMUSG00000101732,Gm28328,Y,8853288,8853396
ENSMUSG00000101056,Gm28329,Y,8911342,8912030
ENSMUSG00000099904,Gm28270,Y,8931764,8931872
ENSMUSG00000099523,Gm28327,Y,8943097,8943711
ENSMUSG00000100542,Gm28097,Y,8956616,8956981
ENSMUSG00000099956,Gm29365,Y,8980001,8980699
ENSMUSG00000100080,Gm29364,Y,8986692,8990039
ENSMUSG00000101441,Gm29363,Y,9022596,9024960
ENSMUSG00000091077,Gm21292,Y,9130999,9133924
ENSMUSG00000094679,Gm21721,Y,9199824,9202190
ENSMUSG00000100109,Gm29366,Y,9230662,9231360
ENSMUSG00000100848,Gm29281,Y,9244109,9244489
ENSMUSG00000100105,Gm29330,Y,9267565,9268263
ENSMUSG00000101095,Gm29329,Y,9307879,9310243
ENSMUSG00000094773,Gm21812,Y,9344836,9347184
ENSMUSG00000099688,Gm29535,Y,9365390,9365498
ENSMUSG00000101094,Gm29533,Y,9377058,9377672
ENSMUSG00000101647,Gm29534,Y,9387098,9387479
ENSMUSG00000096223,Gm21874,Y,9413518,9416148
ENSMUSG00000101737,Gm28849,Y,9420765,9430932
ENSMUSG00000100752,Gm28847,Y,9451587,9452286
ENSMUSG00000100463,Gm28848,Y,9462449,9477366
ENSMUSG00000101977,Gm28846,Y,9494691,9495058
ENSMUSG00000100661,Gm29471,Y,9552436,9553135
ENSMUSG00000100571,Gm29474,Y,9609197,9609575
ENSMUSG00000100087,Gm29475,Y,9707917,9726230
ENSMUSG00000094556,Gm20821,Y,9781804,9784197
ENSMUSG00000100049,Gm28506,Y,9986127,9986276
ENSMUSG00000100477,Gm28507,Y,10019064,10019766
ENSMUSG00000100800,Gm21301,Y,10065783,10066481
ENSMUSG00000099439,Gm29142,Y,10084919,10085614
ENSMUSG00000095032,Gm21310,Y,10144735,10147183
ENSMUSG00000099372,Gm28509,Y,10151537,10154879
ENSMUSG00000101699,Gm28508,Y,10277698,10278393
ENSMUSG00000095242,Gm20834,Y,10322618,10324589
ENSMUSG00000101396,Gm28510,Y,10412737,10444691
ENSMUSG00000100995,Gm29525,Y,10496820,10497518
ENSMUSG00000100273,Gm29526,Y,10510482,10510860
ENSMUSG00000095950,Gm20737,Y,10533609,10536042
ENSMUSG00000118472,Gm21775,Y,10553453,10553992
ENSMUSG00000118422,Gm21900,Y,10616361,10616903
ENSMUSG00000100369,Gm29527,Y,10626743,10629110
ENSMUSG00000075359,Gm20775,Y,10641257,10643107
ENSMUSG00000099668,Gm29522,Y,10658332,10660695
ENSMUSG00000100731,Gm29523,Y,10678430,10679128
ENSMUSG00000100074,Gm29524,Y,10713102,10713800
ENSMUSG00000099676,Gm29528,Y,10726740,10727118
ENSMUSG00000094813,Gm20777,Y,10750004,10752450
ENSMUSG00000099482,Gm28955,Y,10756787,10760126
ENSMUSG00000099776,Gm28954,Y,10806574,10808312
ENSMUSG00000100742,Gm28953,Y,10885361,10886057
ENSMUSG00000100730,Gm20776,Y,10930578,10931277
ENSMUSG00000100567,Gm28958,Y,11010496,11011198
ENSMUSG00000094838,Gm20828,Y,11197024,11199374
ENSMUSG00000101319,Gm28957,Y,11251236,11251608
ENSMUSG00000101789,Gm28956,Y,11345842,11426704
ENSMUSG00000100015,Gm28952,Y,11465876,11466556
ENSMUSG00000099572,Gm28951,Y,11681696,11708109
ENSMUSG00000101690,Gm28390,Y,11763935,11764634
ENSMUSG00000101842,Gm28391,Y,11777111,11777489
ENSMUSG00000101871,Gm28389,Y,11800542,11801238
ENSMUSG00000100919,Gm28655,Y,12019193,12019884
ENSMUSG00000101123,Gm28654,Y,12056605,12056983
ENSMUSG00000101276,Gm28657,Y,12175563,12176249
ENSMUSG00000100368,Gm28656,Y,12211889,12212386
ENSMUSG00000100231,Gm29554,Y,12273932,12306702
ENSMUSG00000101469,Gm29556,Y,12330536,12331231
ENSMUSG00000095508,Gm20812,Y,12381981,12384008
ENSMUSG00000103330,Gm35108,Y,12418987,12419685
ENSMUSG00000104505,Gm37739,Y,12513577,12516809
ENSMUSG00000104468,Gm21736,Y,12564103,12564795
ENSMUSG00000094135,Gm21379,Y,12688110,12690064
ENSMUSG00000103361,Gm36928,Y,12883607,12884300
ENSMUSG00000104267,Gm20807,Y,13042891,13045326
ENSMUSG00000103352,Gm38084,Y,13091542,13093901
ENSMUSG00000102335,Gm37231,Y,13120040,13122400
ENSMUSG00000095769,Gm21891,Y,13132950,13133492
ENSMUSG00000096820,Gm21425,Y,13161968,13164408
ENSMUSG00000103474,Gm37252,Y,13210161,13213395
ENSMUSG00000095759,Gm21828,Y,13223386,13223928
ENSMUSG00000103468,Gm21440,Y,13252391,13254834
ENSMUSG00000093903,Gm21454,Y,13252442,13378804
ENSMUSG00000103176,Gm37147,Y,13307101,13310334
ENSMUSG00000104522,Gm38159,Y,13335783,13338145
ENSMUSG00000095462,Gm21725,Y,13348521,13349063
ENSMUSG00000102177,Gm37870,Y,13423453,13426687
ENSMUSG00000102346,Gm37378,Y,13452288,13454653
ENSMUSG00000093883,Gm21866,Y,13465037,13465579
ENSMUSG00000095900,Gm20773,Y,13494026,13496466
ENSMUSG00000102174,Gm36398,Y,13532809,13533504
ENSMUSG00000102583,Gm37441,Y,13569691,13570368
ENSMUSG00000104048,Gm37561,Y,13580701,13582258
ENSMUSG00000104404,Gm36728,Y,13783494,13813771
ENSMUSG00000102799,Gm32295,Y,13873383,13874078
ENSMUSG00000102613,Gm20836,Y,13910346,13911041
ENSMUSG00000103524,Gm37263,Y,13917048,13920389
ENSMUSG00000094227,Gm21767,Y,13941738,13942280
ENSMUSG00000103681,Gm37130,Y,13952701,13955065
ENSMUSG00000104409,Gm37467,Y,13980581,13983815
ENSMUSG00000104127,Gm20928,Y,14029703,14030398
ENSMUSG00000103872,Gm38363,Y,14071394,14073759
ENSMUSG00000102787,Gm30174,Y,14220904,14223183
ENSMUSG00000104499,Gm30353,Y,14282472,14284836
ENSMUSG00000103431,Gm30686,Y,14347558,14349915
ENSMUSG00000104191,Gm30737,Y,14400710,14426798
ENSMUSG00000102492,Gm36987,Y,14525080,14528058
ENSMUSG00000104260,Gm31186,Y,14801725,14802420
ENSMUSG00000102251,Gm37654,Y,14863840,14867073
ENSMUSG00000102366,Gm37044,Y,14958903,14959595
ENSMUSG00000103909,Gm31511,Y,15156683,15187324
ENSMUSG00000102835,Gm37572,Y,15241461,15244691
ENSMUSG00000103943,Gm37344,Y,15270053,15273287
ENSMUSG00000102624,Gm37059,Y,15444179,15445304
ENSMUSG00000102138,Gm31942,Y,15490643,15492836
ENSMUSG00000102582,Gm37440,Y,15569795,15572225
ENSMUSG00000103666,Gm38185,Y,15615108,15615801
ENSMUSG00000104207,Gm37395,Y,15694983,15695679
ENSMUSG00000102392,Gm37577,Y,15734796,15737530
ENSMUSG00000095172,Gm20822,Y,15882421,15884771
ENSMUSG00000102754,Gm38183,Y,16031250,16039572
ENSMUSG00000103167,Gm38149,Y,16092783,16112032
ENSMUSG00000102387,Gm38145,Y,16151241,16151933
ENSMUSG00000102208,Gm32033,Y,16367090,16393523
ENSMUSG00000102265,Gm32447,Y,16449293,16449989
ENSMUSG00000104490,Gm20770,Y,16485909,16486602
ENSMUSG00000103112,Gm38016,Y,16614136,16614828
ENSMUSG00000103234,Gm37158,Y,16691330,16697033
ENSMUSG00000102288,Gm36998,Y,16731147,16731850
ENSMUSG00000103417,Gm33112,Y,16887481,16888179
ENSMUSG00000094829,Gm21809,Y,16923785,16924282
ENSMUSG00000104510,Gm34015,Y,17002626,17018392
ENSMUSG00000095520,Gm20877,Y,17093873,17095892
ENSMUSG00000103602,Gm33191,Y,17130890,17131588
ENSMUSG00000102586,Gm38003,Y,17225447,17228678
ENSMUSG00000102170,Gm20781,Y,17275991,17276683
ENSMUSG00000095365,Rbm31y,Y,17400761,17402715
ENSMUSG00000102421,Gm37325,Y,17596834,17597527
ENSMUSG00000104032,Gm20833,Y,17757509,17758204
ENSMUSG00000102400,Gm37865,Y,17804545,17806904
ENSMUSG00000102520,Gm36941,Y,17833041,17835401
ENSMUSG00000094161,Gm21904,Y,17845724,17846266
ENSMUSG00000102726,Gm37937,Y,17867025,17870364
ENSMUSG00000102739,Gm20772,Y,17874741,17877179
ENSMUSG00000094325,Gm20831,Y,17874741,17967603
ENSMUSG00000103757,Gm37286,Y,17922928,17926162
ENSMUSG00000096819,Srsy,Y,17935713,17937330
ENSMUSG00000103994,Gm38028,Y,17957447,17960787
ENSMUSG00000095879,Gm21764,Y,18061270,18061812
ENSMUSG00000095267,Ssty1,Y,18089116,18091556
ENSMUSG00000103917,Gm38072,Y,18199139,18202472
ENSMUSG00000104439,Gm20851,Y,18208481,18209176
ENSMUSG00000104446,Gm30312,Y,18245623,18246318
ENSMUSG00000103514,Gm37433,Y,18282548,18283225
ENSMUSG00000102150,Gm37473,Y,18283695,18284883
ENSMUSG00000103782,Gm37656,Y,18293525,18295111
ENSMUSG00000104050,Gm38127,Y,18321027,18322074
ENSMUSG00000102264,Gm30638,Y,18496225,18526495
ENSMUSG00000103871,Gm38361,Y,18557838,18558876
ENSMUSG00000104356,Gm31260,Y,18586095,18586790
ENSMUSG00000103802,Gm21660,Y,18623067,18623762
ENSMUSG00000104472,Gm38209,Y,18629784,18633125
ENSMUSG00000095927,Gm21822,Y,18654482,18655024
ENSMUSG00000103347,Gm37734,Y,18665417,18667781
ENSMUSG00000104407,Gm38013,Y,18693357,18696591
ENSMUSG00000102290,Gm21678,Y,18742471,18743166
ENSMUSG00000103612,Gm37948,Y,18749156,18752497
ENSMUSG00000102580,Gm37442,Y,18863519,18864085
ENSMUSG00000102273,Gm34550,Y,18933163,18935442
ENSMUSG00000102294,Gm37544,Y,18972545,18973072
ENSMUSG00000103190,Gm34716,Y,18994762,18997125
ENSMUSG00000102867,Gm37635,Y,19038589,19039116
ENSMUSG00000102968,Gm35070,Y,19059861,19062218
ENSMUSG00000103371,Gm35134,Y,19113007,19139093
ENSMUSG00000103489,Gm37998,Y,19157403,19157855
ENSMUSG00000103796,Gm38094,Y,19237403,19240380
ENSMUSG00000102552,Gm21763,Y,19514319,19515014
ENSMUSG00000104426,Gm38369,Y,19671505,19672197
ENSMUSG00000102304,Gm35843,Y,19869287,19899927
ENSMUSG00000102195,Gm38168,Y,19954018,19957248
ENSMUSG00000104506,Gm37740,Y,19983060,19985421
ENSMUSG00000098966,Gm27701,Y,20134948,20135057
ENSMUSG00000102913,Gm37723,Y,20430181,20430745
ENSMUSG00000103664,Gm36261,Y,20497512,20499791
ENSMUSG00000103005,Gm37898,Y,20537098,20537625
ENSMUSG00000103752,Gm36467,Y,20559991,20562355
ENSMUSG00000102551,Gm37927,Y,20603914,20604441
ENSMUSG00000102255,Gm36891,Y,20698839,20729217
ENSMUSG00000103365,Gm36929,Y,20759357,20759803
ENSMUSG00000103829,Gm38174,Y,20791345,20794578
ENSMUSG00000102668,Gm29866,Y,20967477,20993657
ENSMUSG00000104131,Gm36950,Y,21052482,21055721
ENSMUSG00000103023,Gm20910,Y,21096898,21097593
ENSMUSG00000103689,Gm30598,Y,21133838,21134452
ENSMUSG00000094294,Gm20909,Y,21164570,21166905
ENSMUSG00000093848,Gm20865,Y,21241575,21243910
ENSMUSG00000102429,Gm37462,Y,21346236,21349473
ENSMUSG00000102849,Gm37658,Y,21389972,21390286
ENSMUSG00000102513,Gm32347,Y,21426544,21427239
ENSMUSG00000102966,Gm31123,Y,21487904,21512364
ENSMUSG00000104425,Gm38370,Y,21572631,21575870
ENSMUSG00000102146,Gm38054,Y,21610496,21613843
ENSMUSG00000102159,Gm37476,Y,21619726,21620421
ENSMUSG00000102506,Gm37369,Y,21656866,21657480
ENSMUSG00000102826,Gm38181,Y,21686203,21686922
ENSMUSG00000102230,Gm31335,Y,21771563,21772255
ENSMUSG00000104345,Gm37690,Y,21891559,21894794
ENSMUSG00000102262,Gm38107,Y,21964371,21965066
ENSMUSG00000103528,Gm31571,Y,22025164,22051353
ENSMUSG00000102772,Gm32114,Y,22109759,22112998
ENSMUSG00000103425,Gm37075,Y,22145145,22148488
ENSMUSG00000102486,Gm37921,Y,22154579,22155273
ENSMUSG00000103250,Gm32180,Y,22191469,22192083
ENSMUSG00000103077,Gm38371,Y,22403303,22406098
ENSMUSG00000103787,Gm37657,Y,22438028,22441376
ENSMUSG00000103987,Gm37448,Y,22447275,22447971
ENSMUSG00000103063,Gm33163,Y,22484124,22484737
ENSMUSG00000102957,Gm21065,Y,22513860,22514555
ENSMUSG00000103269,Gm36978,Y,22588411,22589106
ENSMUSG00000103954,Gm37721,Y,22696442,22699679
ENSMUSG00000103894,Gm37129,Y,22737573,22737887
ENSMUSG00000103795,Gm37990,Y,22774088,22774783
ENSMUSG00000103919,Gm21366,Y,22835086,22861256
ENSMUSG00000103812,Gm33954,Y,22920120,22923358
ENSMUSG00000104259,Gm37538,Y,22955350,22958699
ENSMUSG00000102487,Gm21871,Y,22964787,22965482
ENSMUSG00000102847,Gm34274,Y,23001659,23002273
ENSMUSG00000103773,Gm34217,Y,23013406,23014950
ENSMUSG00000102347,Gm21469,Y,23031235,23031930
ENSMUSG00000104480,Gm21661,Y,23097865,23098560
ENSMUSG00000104062,Gm37952,Y,23212218,23215455
ENSMUSG00000103231,Gm21907,Y,23240258,23240953
ENSMUSG00000102318,Gm37627,Y,23277187,23277801
ENSMUSG00000103074,Gm20925,Y,23306767,23307462
ENSMUSG00000102965,Gm20926,Y,23381504,23382199
ENSMUSG00000104289,Gm37454,Y,23539194,23542427
ENSMUSG00000102730,Gm38138,Y,23611872,23612567
ENSMUSG00000102529,Gm29740,Y,23672821,23697377
ENSMUSG00000103589,Gm37840,Y,23757634,23760872
ENSMUSG00000102396,Gm37574,Y,23792729,23796073
ENSMUSG00000104247,Gm21768,Y,23802167,23802862
ENSMUSG00000104255,Gm37172,Y,23839025,23839639
ENSMUSG00000102598,Gm35670,Y,23850730,23852312
ENSMUSG00000102402,Gm20840,Y,23868563,23869258
ENSMUSG00000104228,Gm35955,Y,23943343,23944038
ENSMUSG00000103029,Gm37687,Y,24051128,24054365
ENSMUSG00000102239,Gm38296,Y,24086389,24089731
ENSMUSG00000103153,Gm38290,Y,24091137,24091451
ENSMUSG00000103086,Gm38121,Y,24127690,24128385
ENSMUSG00000103327,Gm36047,Y,24188717,24213221
ENSMUSG00000104500,Gm36345,Y,24273508,24276742
ENSMUSG00000103236,Gm37157,Y,24306236,24309585
ENSMUSG00000102911,Gm38017,Y,24315448,24316142
ENSMUSG00000103008,Gm36468,Y,24352303,24352917
ENSMUSG00000103058,Gm21845,Y,24381817,24382512
ENSMUSG00000093868,Gm20809,Y,24455057,24457399
ENSMUSG00000102350,Gm37434,Y,24564331,24567568
ENSMUSG00000102993,Gm37765,Y,24604271,24604585
ENSMUSG00000103311,Gm38229,Y,24640852,24641547
ENSMUSG00000104070,Gm36866,Y,24701863,24726367
ENSMUSG00000103615,Gm30045,Y,24786618,24789853
ENSMUSG00000094911,Gm21921,Y,24795161,24796243
ENSMUSG00000104431,Gm37112,Y,24819391,24822739
ENSMUSG00000103758,Gm37287,Y,24828596,24829290
ENSMUSG00000104146,Gm30175,Y,24865431,24866045
ENSMUSG00000102507,Gm21350,Y,24894925,24895620
ENSMUSG00000102358,Gm21412,Y,24969606,24970301
ENSMUSG00000103977,Gm37071,Y,25077341,25080578
ENSMUSG00000102643,Gm37547,Y,25112581,25115921
ENSMUSG00000103064,Gm36968,Y,25117327,25117641
ENSMUSG00000102842,Gm38035,Y,25153876,25154571
ENSMUSG00000103714,Gm20857,Y,25214932,25239462
ENSMUSG00000103660,Gm30705,Y,25299747,25302982
ENSMUSG00000094939,Gm21773,Y,25308278,25309360
ENSMUSG00000103982,Gm37451,Y,25332503,25335851
ENSMUSG00000102328,Gm37793,Y,25341710,25342404
ENSMUSG00000103487,Gm30858,Y,25378537,25379151
ENSMUSG00000103639,Gm21791,Y,25408061,25408756
ENSMUSG00000104085,Gm21427,Y,25482701,25483396
ENSMUSG00000102576,Gm37875,Y,25590418,25593655
ENSMUSG00000103372,Gm37237,Y,25630403,25630717
ENSMUSG00000102354,Gm38350,Y,25666954,25667649
ENSMUSG00000102906,Gm20858,Y,25727994,25752495
ENSMUSG00000103813,Gm31422,Y,25812791,25816026
ENSMUSG00000104412,Gm37798,Y,25845560,25848910
ENSMUSG00000104321,Gm37318,Y,25854771,25855465
ENSMUSG00000103892,Gm31572,Y,25891627,25892241
ENSMUSG00000103969,Gm21890,Y,25921142,25921837
ENSMUSG00000102339,Gm21443,Y,25995821,25996516
ENSMUSG00000102977,Gm37346,Y,26103541,26106778
ENSMUSG00000102547,Gm38136,Y,26138802,26142144
ENSMUSG00000103675,Gm37991,Y,26180163,26180858
ENSMUSG00000103842,Gm37808,Y,26208875,26209897
ENSMUSG00000104024,Gm33571,Y,26241150,26265649
ENSMUSG00000103462,Gm32181,Y,26325925,26329160
ENSMUSG00000101467,Gm28662,Y,26367907,26368601
ENSMUSG00000101260,Gm28780,Y,26404738,26405352
ENSMUSG00000101105,Gm21755,Y,26434218,26434913
ENSMUSG00000099346,Gm20895,Y,26508824,26509516
ENSMUSG00000101513,Gm28853,Y,26610456,26613352
ENSMUSG00000101809,Gm28852,Y,26648450,26651786
ENSMUSG00000099841,Gm28855,Y,26653194,26653508
ENSMUSG00000099573,Gm28854,Y,26689809,26690504
ENSMUSG00000102104,Gm28858,Y,26731225,26731671
ENSMUSG00000100055,Gm20890,Y,26750605,26776799
ENSMUSG00000101929,Gm28245,Y,26835628,26838863
ENSMUSG00000101971,Gm28246,Y,26871887,26875234
ENSMUSG00000101839,Gm28247,Y,26881125,26881820
ENSMUSG00000102010,Gm28248,Y,26918028,26918642
ENSMUSG00000101149,Gm20892,Y,26947544,26948239
ENSMUSG00000101743,Gm28249,Y,27065926,27069161
ENSMUSG00000101311,Gm28250,Y,27103779,27107127
ENSMUSG00000100803,Gm28251,Y,27112987,27113681
ENSMUSG00000100873,Gm28243,Y,27149813,27150427
ENSMUSG00000101692,Gm28244,Y,27161577,27163118
ENSMUSG00000100464,Gm21771,Y,27179288,27179983
ENSMUSG00000102015,Gm21476,Y,27253916,27254608
ENSMUSG00000101198,Gm29021,Y,27355544,27358781
ENSMUSG00000099955,Gm28880,Y,27393538,27396874
ENSMUSG00000099873,Gm28452,Y,27434899,27435594
ENSMUSG00000099541,Gm21488,Y,27495726,27521920
ENSMUSG00000101920,Gm28454,Y,27580750,27583985
ENSMUSG00000099430,Gm28878,Y,27616996,27620343
ENSMUSG00000100099,Gm28879,Y,27626234,27626929
ENSMUSG00000100495,Gm29369,Y,27663126,27663740
ENSMUSG00000100413,Gm21506,Y,27692628,27693323
ENSMUSG00000100570,Gm29399,Y,27811020,27814255
ENSMUSG00000101863,Gm29400,Y,27857973,27858667
ENSMUSG00000099727,Gm29401,Y,27894779,27895393
ENSMUSG00000099791,Gm20891,Y,27924318,27925013
ENSMUSG00000101473,Gm20893,Y,27998840,27999532
ENSMUSG00000101753,Gm28799,Y,28105189,28108426
ENSMUSG00000101484,Gm28798,Y,28143148,28146485
ENSMUSG00000100587,Gm28797,Y,28147893,28148207
ENSMUSG00000099828,Gm28796,Y,28184470,28185165
ENSMUSG00000101158,Gm20894,Y,28245352,28271512
ENSMUSG00000099537,Gm28938,Y,28330278,28333513
ENSMUSG00000101669,Gm28937,Y,28377377,28378071
ENSMUSG00000099862,Gm28936,Y,28414211,28414825
ENSMUSG00000101908,Gm21642,Y,28443743,28444438
ENSMUSG00000100473,Gm21804,Y,28518281,28518973
ENSMUSG00000101192,Gm29122,Y,28624715,28627952
ENSMUSG00000101607,Gm28939,Y,28667432,28667746
ENSMUSG00000101418,Gm28983,Y,28703951,28704564
ENSMUSG00000099431,Gm28985,Y,28715706,28717247
ENSMUSG00000101837,Gm20810,Y,28733498,28734193
ENSMUSG00000100233,Gm20811,Y,28809172,28828210
ENSMUSG00000100859,Gm28725,Y,28846364,28848727
ENSMUSG00000099653,Gm28984,Y,28871184,28871711
ENSMUSG00000100875,Gm28987,Y,28908997,28911276
ENSMUSG00000100117,Gm28986,Y,28994508,28995633
ENSMUSG00000101305,Gm29171,Y,29089683,29090168
ENSMUSG00000099650,Gm28129,Y,29156796,29159075
ENSMUSG00000101560,Gm28127,Y,29219692,29222056
ENSMUSG00000101954,Gm28128,Y,29263852,29264379
ENSMUSG00000096538,Gm21853,Y,29351836,29376221
ENSMUSG00000099348,Gm28132,Y,29395248,29395694
ENSMUSG00000099380,Gm28130,Y,29558660,29561895
ENSMUSG00000101412,Gm28131,Y,29587678,29590910
ENSMUSG00000118461,Gm21679,Y,29609837,29684814
ENSMUSG00000099817,Gm29317,Y,30097200,30097895
ENSMUSG00000099880,Gm29316,Y,30132603,30133130
ENSMUSG00000101642,Gm29315,Y,30155238,30157598
ENSMUSG00000101719,Gm28216,Y,30195252,30195779
ENSMUSG00000100896,Gm28217,Y,30310104,30311114
ENSMUSG00000099347,Gm28093,Y,30360777,30361472
ENSMUSG00000101379,Gm28092,Y,30396170,30396697
ENSMUSG00000100565,Gm28091,Y,30423567,30425930
ENSMUSG00000101489,Gm28090,Y,30499157,30523557
ENSMUSG00000100038,Gm29580,Y,30542567,30543013
ENSMUSG00000100415,Gm28089,Y,30613153,30616388
ENSMUSG00000101775,Gm28088,Y,30642087,30645319
ENSMUSG00000100321,Gm29579,Y,30676282,30676728
ENSMUSG00000100467,Gm29582,Y,30706533,30738561
ENSMUSG00000095192,Gm21529,Y,30839757,30840284
ENSMUSG00000100311,Gm29581,Y,30881302,30883666
ENSMUSG00000094232,Gm21539,Y,30905987,30906514
ENSMUSG00000099990,Gm29578,Y,30943800,30946078
ENSMUSG00000101527,Gm21908,Y,31231982,31232677
ENSMUSG00000096698,Gm21780,Y,31267477,31268004
ENSMUSG00000099855,Gm28486,Y,31290381,31292742
ENSMUSG00000094623,Gm21737,Y,31373417,31397818
ENSMUSG00000100928,Gm28487,Y,31448706,31451937
ENSMUSG00000100384,Gm28489,Y,31464199,31467669
ENSMUSG00000099695,Gm28488,Y,31509423,31512658
ENSMUSG00000100399,Gm28491,Y,31538338,31541570
ENSMUSG00000094789,Gm28490,Y,31602724,31634756
ENSMUSG00000094444,Gm21562,Y,31735963,31736490
ENSMUSG00000101423,Gm28298,Y,31777538,31779902
ENSMUSG00000095626,Gm21572,Y,31802210,31802737
ENSMUSG00000101761,Gm28297,Y,31840012,31842290
ENSMUSG00000099493,Gm21753,Y,32124404,32125099
ENSMUSG00000096777,Gm21723,Y,32159839,32160366
ENSMUSG00000100739,Gm28296,Y,32181634,32183997
ENSMUSG00000095345,Gm21821,Y,32221119,32221647
ENSMUSG00000100709,Gm28295,Y,32244058,32246421
ENSMUSG00000095968,Gm21842,Y,32283539,32284066
ENSMUSG00000101779,Gm28170,Y,32305046,32307409
ENSMUSG00000094529,Gm21744,Y,32380225,32404629
ENSMUSG00000101745,Gm28764,Y,32494401,32497636
ENSMUSG00000100957,Gm28762,Y,32523345,32526576
ENSMUSG00000099756,Gm28763,Y,32557996,32558442
ENSMUSG00000095263,Gm21094,Y,32588415,32620443
ENSMUSG00000096272,Gm21588,Y,32712665,32713192
ENSMUSG00000099426,Gm28761,Y,32754586,32756950
ENSMUSG00000096711,Gm21599,Y,32779240,32779767
ENSMUSG00000101728,Gm28765,Y,32817021,32819299
ENSMUSG00000100509,Gm21810,Y,33105205,33105900
ENSMUSG00000095553,Gm21916,Y,33140698,33141225
ENSMUSG00000101099,Gm29191,Y,33163600,33165961
ENSMUSG00000095049,Gm21756,Y,33245018,33271073
ENSMUSG00000101601,Gm28210,Y,33289865,33290311
ENSMUSG00000101516,Gm29074,Y,33321745,33324976
ENSMUSG00000101359,Gm28211,Y,33337241,33340707
ENSMUSG00000100790,Gm28518,Y,33382665,33385900
ENSMUSG00000101302,Gm28519,Y,33411603,33414835
ENSMUSG00000102125,Gm28520,Y,33446027,33449259
ENSMUSG00000095011,Gm20838,Y,33511116,33543164
ENSMUSG00000094064,Gm21626,Y,33635670,33636197
ENSMUSG00000099461,Gm28521,Y,33677627,33679991
ENSMUSG00000096532,Gm21633,Y,33702336,33702863
ENSMUSG00000101681,Gm28522,Y,33740211,33742489
ENSMUSG00000101870,Gm21745,Y,34028189,34028884
ENSMUSG00000101472,Gm28517,Y,34063698,34064225
ENSMUSG00000101407,Gm29532,Y,34086381,34088745
ENSMUSG00000099500,Gm29531,Y,34125909,34126436
ENSMUSG00000100097,Gm28464,Y,34148855,34151218
ENSMUSG00000101474,Gm29656,Y,34186435,34186962
ENSMUSG00000099737,Gm29655,Y,34209370,34211733
ENSMUSG00000101417,Gm21647,Y,34285082,34316611
ENSMUSG00000101654,Gm29653,Y,34335629,34336075
ENSMUSG00000101808,Gm29654,Y,34410916,34414265
ENSMUSG00000099910,Gm29651,Y,34420129,34420825
ENSMUSG00000099818,Gm29652,Y,34457229,34457843
ENSMUSG00000100500,Gm29080,Y,34468990,34470529
ENSMUSG00000100677,Gm21184,Y,34486834,34487526
ENSMUSG00000100171,Gm21201,Y,34561734,34562426
ENSMUSG00000099463,Gm29081,Y,34670134,34673374
ENSMUSG00000100745,Gm29077,Y,34705341,34708688
ENSMUSG00000101341,Gm29076,Y,34714548,34715244
ENSMUSG00000100193,Gm29079,Y,34751370,34751984
ENSMUSG00000099651,Gm29078,Y,34763132,34764675
ENSMUSG00000101787,Gm20853,Y,34781126,34781818
ENSMUSG00000101043,Gm29075,Y,34855792,34856487
ENSMUSG00000099390,Gm29225,Y,34963858,34967095
ENSMUSG00000100422,Gm29226,Y,34999098,35002441
ENSMUSG00000100385,Gm29227,Y,35003853,35004167
ENSMUSG00000100064,Gm28339,Y,35040387,35041082
ENSMUSG00000095793,Gm20855,Y,35105684,35131833
ENSMUSG00000101626,Gm29386,Y,35190746,35193986
ENSMUSG00000101091,Gm29384,Y,35225889,35229236
ENSMUSG00000100229,Gm21896,Y,35235339,35236034
ENSMUSG00000101691,Gm29280,Y,35271723,35272337
ENSMUSG00000100540,Gm20799,Y,35301254,35301949
ENSMUSG00000100244,Gm29279,Y,35350343,35351038
ENSMUSG00000099799,Gm28260,Y,35458446,35461685
ENSMUSG00000099999,Gm21795,Y,35503065,35503760
ENSMUSG00000101806,Gm28261,Y,35539957,35540571
ENSMUSG00000101632,Gm28264,Y,35551683,35553266
ENSMUSG00000099525,Gm21872,Y,35569482,35570159
ENSMUSG00000100749,Gm20798,Y,35644173,35644868
ENSMUSG00000099963,Gm28463,Y,35761786,35765015
ENSMUSG00000100299,Gm28584,Y,35834412,35835107
ENSMUSG00000101127,Gm28585,Y,35863133,35864155
ENSMUSG00000096650,Gm20896,Y,35895328,35921526
ENSMUSG00000102058,Gm28470,Y,35980962,35984200
ENSMUSG00000100034,Gm28469,Y,36015725,36019070
ENSMUSG00000099589,Gm21898,Y,36025182,36025877
ENSMUSG00000100263,Gm28468,Y,36062048,36062662
ENSMUSG00000101575,Gm20898,Y,36091591,36092283
ENSMUSG00000100785,Gm29333,Y,36165503,36166198
ENSMUSG00000099822,Gm28332,Y,36273163,36276400
ENSMUSG00000101781,Gm28333,Y,36308401,36311744
ENSMUSG00000101271,Gm28334,Y,36313154,36313468
ENSMUSG00000099504,Gm28335,Y,36349735,36350430
ENSMUSG00000101377,Gm28336,Y,36391137,36391583
ENSMUSG00000101709,Gm28337,Y,36410763,36435435
ENSMUSG00000099814,Gm28338,Y,36495711,36498950
ENSMUSG00000100316,Gm28812,Y,36648203,36648898
ENSMUSG00000101284,Gm28811,Y,36676980,36678002
ENSMUSG00000100651,Gm28810,Y,36689719,36690165
ENSMUSG00000101933,Gm20835,Y,36709098,36735290
ENSMUSG00000100647,Gm29027,Y,36794110,36797345
ENSMUSG00000101815,Gm29028,Y,36830541,36833887
ENSMUSG00000101538,Gm29029,Y,36839776,36840471
ENSMUSG00000100983,Gm29030,Y,36875792,36876406
ENSMUSG00000101820,Gm29023,Y,36884897,36888946
ENSMUSG00000100283,Gm29024,Y,36905314,36906009
ENSMUSG00000099832,Gm29025,Y,36935944,36939282
ENSMUSG00000101246,Gm29026,Y,36940688,36941002
ENSMUSG00000101382,Gm28213,Y,37071087,37071701
ENSMUSG00000099967,Gm28212,Y,37082811,37084351
ENSMUSG00000101161,Gm21799,Y,37100609,37101304
ENSMUSG00000100705,Gm28227,Y,37172530,37173225
ENSMUSG00000101157,Gm20905,Y,37233420,37259603
ENSMUSG00000099712,Gm29411,Y,37364052,37364747
ENSMUSG00000099586,Gm28222,Y,37400946,37401560
ENSMUSG00000100066,Gm21835,Y,37430480,37431175
ENSMUSG00000101879,Gm28820,Y,37547328,37550565
ENSMUSG00000099412,Gm28223,Y,37584337,37584651
ENSMUSG00000101831,Gm29412,Y,37620892,37621587
ENSMUSG00000100428,Gm29413,Y,37681820,37706635
ENSMUSG00000099601,Gm29671,Y,37808837,37812183
ENSMUSG00000101704,Gm21878,Y,37818062,37818757
ENSMUSG00000101349,Gm28162,Y,37854963,37855577
ENSMUSG00000101710,Gm20922,Y,37884636,37885331
ENSMUSG00000094575,Gm20738,Y,37957811,37960145
ENSMUSG00000100952,Gm28545,Y,38067042,38070280
ENSMUSG00000099730,Gm28547,Y,38102223,38105565
ENSMUSG00000101873,Gm28546,Y,38143521,38144135
ENSMUSG00000100203,Gm21924,Y,38173015,38173710
ENSMUSG00000099460,Gm21735,Y,38247748,38248443
ENSMUSG00000099807,Gm28771,Y,38340085,38343323
ENSMUSG00000101435,Gm28772,Y,38376499,38379839
ENSMUSG00000100883,Gm28773,Y,38414638,38415333
ENSMUSG00000100892,Gm20897,Y,38476061,38502238
ENSMUSG00000101050,Gm28774,Y,38561063,38564300
ENSMUSG00000099793,Gm28775,Y,38596217,38599560
ENSMUSG00000100699,Gm21765,Y,38605682,38606377
ENSMUSG00000096438,Gapdh-ps15,Y,38619783,38620784
ENSMUSG00000099351,Gm28776,Y,38643836,38644450
ENSMUSG00000099489,Gm21787,Y,38673331,38674023
ENSMUSG00000100845,Gm28770,Y,38747648,38748340
ENSMUSG00000096275,Gm20901,Y,38774934,38799361
ENSMUSG00000101771,Gm28176,Y,38872635,38874998
ENSMUSG00000100719,Gm28786,Y,38897393,38897918
ENSMUSG00000101740,Gm29360,Y,38935104,38937383
ENSMUSG00000101292,Gm29496,Y,39078390,39079082
ENSMUSG00000100588,Gm29497,Y,39158848,39162080
ENSMUSG00000102050,Gm29499,Y,39344545,39345030
ENSMUSG00000101040,Gm29498,Y,39411821,39414100
ENSMUSG00000101272,Gm36782,Y,39451243,39451740
ENSMUSG00000101633,Gm29839,Y,39504127,39504624
ENSMUSG00000101727,Gm29495,Y,39589769,39614199
ENSMUSG00000101124,Gm28371,Y,39988287,39988981
ENSMUSG00000099723,Gm28595,Y,40104656,40112547
ENSMUSG00000104381,Gm37032,Y,40188895,40191869
ENSMUSG00000093895,Gm21865,Y,40290790,40316903
ENSMUSG00000100043,Gm29433,Y,40367506,40372751
ENSMUSG00000099786,Gm29215,Y,40367717,40370075
ENSMUSG00000094354,Gm21882,Y,40380441,40381523
ENSMUSG00000095725,Gm21801,Y,40390922,40391449
ENSMUSG00000100900,Gm28850,Y,40431918,40434282
ENSMUSG00000095433,Gm21914,Y,40456743,40457270
ENSMUSG00000100508,Gm28617,Y,40494488,40496767
ENSMUSG00000100771,Gm28618,Y,40566172,40566738
ENSMUSG00000101090,Gm28619,Y,40638693,40641058
ENSMUSG00000100644,Gm20793,Y,40682046,40682741
ENSMUSG00000098868,Gm27466,Y,40684181,40684290
ENSMUSG00000099228,Gm28018,Y,40688738,40688847
ENSMUSG00000099379,Gm28993,Y,40733742,40736976
ENSMUSG00000100070,Gm28994,Y,40762505,40764868
ENSMUSG00000096885,Gm21797,Y,40775223,40775765
ENSMUSG00000095452,Gm20795,Y,40804914,40807356
ENSMUSG00000100797,Gm28596,Y,40843557,40844252
ENSMUSG00000099645,Gm20832,Y,40905273,40935589
ENSMUSG00000100091,Gm28597,Y,41243623,41274433
ENSMUSG00000100649,Gm28428,Y,41338828,41339524
ENSMUSG00000100196,Gm20827,Y,41375734,41376429
ENSMUSG00000099628,Gm28427,Y,41382437,41385771
ENSMUSG00000096120,Gm21800,Y,41406498,41407040
ENSMUSG00000099897,Gm28426,Y,41417432,41419796
ENSMUSG00000099785,Gm28425,Y,41445822,41448182
ENSMUSG00000094071,Gm21729,Y,41619626,41644054
ENSMUSG00000101536,Gm28834,Y,41766834,41769112
ENSMUSG00000099652,Gm28833,Y,41835327,41835885
ENSMUSG00000100737,Gm21774,Y,42079731,42080426
ENSMUSG00000099780,Gm29537,Y,42141555,42144786
ENSMUSG00000099849,Gm29274,Y,42459558,42462795
ENSMUSG00000100822,Gm29275,Y,42487644,42490878
ENSMUSG00000101471,Gm29276,Y,42550083,42582250
ENSMUSG00000101455,Gm21805,Y,42735352,42736047
ENSMUSG00000099700,Gm29645,Y,42770805,42771332
ENSMUSG00000101811,Gm28312,Y,42833153,42833680
ENSMUSG00000099833,Gm29165,Y,42931751,42956150
ENSMUSG00000101247,Gm29042,Y,42975149,42975595
ENSMUSG00000099408,Gm28311,Y,43047510,43050744
ENSMUSG00000101207,Gm28310,Y,43076399,43079631
ENSMUSG00000099542,Gm28504,Y,43141302,43171776
ENSMUSG00000100107,Gm28567,Y,43371322,43372014
ENSMUSG00000100051,Gm28568,Y,43451134,43454367
ENSMUSG00000099977,Gm29286,Y,43803100,43805379
ENSMUSG00000099415,Gm29285,Y,43842631,43843158
ENSMUSG00000100953,Gm28280,Y,43865261,43867624
ENSMUSG00000096332,Gm21241,Y,43952162,43978249
ENSMUSG00000100693,Gm28278,Y,44154607,44157841
ENSMUSG00000099638,Gm28279,Y,44168124,44171356
ENSMUSG00000094181,Gm21739,Y,44232123,44264444
ENSMUSG00000102081,Gm28886,Y,44348302,44348829
ENSMUSG00000102031,Gm29426,Y,44385913,44388191
ENSMUSG00000100408,Gm28885,Y,44454247,44454809
ENSMUSG00000100991,Gm21856,Y,44757980,44758675
ENSMUSG00000102116,Gm28887,Y,44818410,44827383
ENSMUSG00000101649,Gm29444,Y,44821007,44823896
ENSMUSG00000095353,Gm21783,Y,44980568,44981263
ENSMUSG00000101802,Gm29445,Y,45044002,45047234
ENSMUSG00000099790,Gm28457,Y,45225740,45228971
ENSMUSG00000101594,Gm21779,Y,45385636,45386331
ENSMUSG00000100011,Gm28458,Y,45448960,45452192
ENSMUSG00000100974,Gm28459,Y,45753298,45753993
ENSMUSG00000101675,Gm28461,Y,45788731,45789258
ENSMUSG00000100499,Gm28460,Y,45811680,45814040
ENSMUSG00000100256,Gm28851,Y,45851118,45851645
ENSMUSG00000101003,Gm28456,Y,45874035,45876398
ENSMUSG00000100640,Gm29073,Y,45949660,45974063
ENSMUSG00000100628,Gm29648,Y,46347584,46348681
ENSMUSG00000100989,Gm29647,Y,46482580,46513022
ENSMUSG00000100003,Gm29646,Y,46574765,46577998
ENSMUSG00000099462,Gm28549,Y,46603660,46606894
ENSMUSG00000101434,Gm29211,Y,46692893,46717285
ENSMUSG00000100061,Gm29212,Y,46727776,46728390
ENSMUSG00000100611,Gm21247,Y,46757399,46758091
ENSMUSG00000101138,Gm29210,Y,46847641,46850004
ENSMUSG00000100871,Gm29213,Y,46872413,46872940
ENSMUSG00000100716,Gm28550,Y,46910030,46912390
ENSMUSG00000100325,Gm28604,Y,46934838,46935365
ENSMUSG00000100048,Gm28603,Y,46970283,46970978
ENSMUSG00000099789,Gm28565,Y,47252167,47254445
ENSMUSG00000099593,Gm28566,Y,47291729,47292256
ENSMUSG00000101109,Gm28697,Y,47314562,47316926
ENSMUSG00000101541,Gm28554,Y,47357940,47358467
ENSMUSG00000094782,Gm21256,Y,47450960,47482990
ENSMUSG00000100852,Gm29056,Y,47544772,47548004
ENSMUSG00000099532,Gm29098,Y,47573714,47576949
ENSMUSG00000118466,Gm21170,Y,47666662,47685033
ENSMUSG00000102054,Gm29373,Y,47831932,47835165
ENSMUSG00000101131,Gm29370,Y,47856812,47857339
ENSMUSG00000099339,Gm21751,Y,47892227,47892922
ENSMUSG00000099674,Gm29166,Y,48185737,48188014
ENSMUSG00000101069,Gm28194,Y,48220016,48220543
ENSMUSG00000101653,Gm20792,Y,48311855,48343871
ENSMUSG00000100423,Gm28754,Y,48405690,48408921
ENSMUSG00000100023,Gm28753,Y,48434615,48437850
ENSMUSG00000099915,Gm21191,Y,48527400,48553437
ENSMUSG00000100086,Gm21271,Y,48594784,48595476
ENSMUSG00000101310,Gm21281,Y,48669767,48670459
ENSMUSG00000100646,Gm28193,Y,48699454,48700068
ENSMUSG00000101200,Gm20802,Y,48736321,48737018
ENSMUSG00000099903,Gm29070,Y,48787046,48790285
ENSMUSG00000100972,Gm28553,Y,48856497,48882617
ENSMUSG00000099409,Gm28751,Y,48944174,48944869
ENSMUSG00000099522,Gm28752,Y,48981168,48981482
ENSMUSG00000100938,Gm28726,Y,49018254,49021493
ENSMUSG00000101821,Gm21308,Y,49318058,49318753
ENSMUSG00000101950,Gm29267,Y,49401058,49401435
ENSMUSG00000099441,Gm29268,Y,49430387,49431001
ENSMUSG00000100411,Gm29269,Y,49467287,49467982
ENSMUSG00000100970,Gm29270,Y,49473820,49477161
ENSMUSG00000101204,Gm29271,Y,49509048,49512286
ENSMUSG00000095979,Gm21209,Y,49571156,49597425
ENSMUSG00000100564,Gm28682,Y,49658538,49659233
ENSMUSG00000101215,Gm28569,Y,49695505,49695819
ENSMUSG00000100206,Gm28681,Y,49697224,49700566
ENSMUSG00000100765,Gm28684,Y,49732439,49735678
ENSMUSG00000101475,Gm21316,Y,49842918,49843610
ENSMUSG00000099713,Gm21923,Y,49917514,49918209
ENSMUSG00000099831,Gm28683,Y,49947201,49947815
ENSMUSG00000101868,Gm28680,Y,49984024,49984503
ENSMUSG00000100914,Gm28679,Y,50028561,50031800
ENSMUSG00000100338,Gm28870,Y,50097276,50122131
ENSMUSG00000100541,Gm28871,Y,50182494,50183180
ENSMUSG00000099367,Gm29512,Y,50219469,50219783
ENSMUSG00000099666,Gm29511,Y,50258987,50262223
ENSMUSG00000100331,Gm20880,Y,50360460,50361155
ENSMUSG00000100390,Gm20881,Y,50435167,50435859
ENSMUSG00000101263,Gm29121,Y,50464806,50465420
ENSMUSG00000099986,Gm29120,Y,50501514,50502209
ENSMUSG00000100118,Gm29117,Y,50544517,50547755
ENSMUSG00000102122,Gm20883,Y,50608251,50634461
ENSMUSG00000099513,Gm29119,Y,50696018,50696713
ENSMUSG00000101552,Gm29118,Y,50733012,50733326
ENSMUSG00000100388,Gm29116,Y,50770044,50773283
ENSMUSG00000100802,Gm20889,Y,50880164,50880859
ENSMUSG00000101752,Gm20887,Y,50954836,50955531
ENSMUSG00000099867,Gm29320,Y,50984439,50985053
ENSMUSG00000101193,Gm21849,Y,51021097,51021792
ENSMUSG00000100915,Gm29321,Y,51063067,51066306
ENSMUSG00000096769,Gm21117,Y,51125220,51151484
ENSMUSG00000100365,Gm29319,Y,51212636,51213331
ENSMUSG00000099985,Gm28317,Y,51251272,51254613
ENSMUSG00000099916,Gm28318,Y,51280595,51283833
ENSMUSG00000101631,Gm20884,Y,51391153,51391845
ENSMUSG00000099613,Gm28313,Y,51408969,51410551
ENSMUSG00000101557,Gm28314,Y,51421644,51421988
ENSMUSG00000101222,Gm28315,Y,51460090,51463433
ENSMUSG00000100787,Gm28316,Y,51495432,51498671
ENSMUSG00000100098,Gm21387,Y,51605796,51606491
ENSMUSG00000099709,Gm21396,Y,51680531,51681223
ENSMUSG00000101002,Gm28944,Y,51697441,51698982
ENSMUSG00000101019,Gm28943,Y,51710098,51710712
ENSMUSG00000101684,Gm28946,Y,51747028,51747723
ENSMUSG00000100820,Gm28945,Y,51753580,51756918
ENSMUSG00000100232,Gm28947,Y,51790006,51793245
ENSMUSG00000100485,Gm20920,Y,51852120,51878300
ENSMUSG00000100947,Gm28949,Y,51939678,51940373
ENSMUSG00000100461,Gm28948,Y,51978428,51981771
ENSMUSG00000100248,Gm28950,Y,52013770,52017009
ENSMUSG00000101623,Gm21245,Y,52261931,52262626
ENSMUSG00000100996,Gm29169,Y,52291526,52292140
ENSMUSG00000101515,Gm21899,Y,52328335,52329030
ENSMUSG00000099559,Gm29063,Y,52342720,52346062
ENSMUSG00000099637,Gm28737,Y,52347472,52347786
ENSMUSG00000099565,Gm28738,Y,52383999,52384694
ENSMUSG00000100343,Gm20923,Y,52456738,52470686
ENSMUSG00000099494,Gm28197,Y,52497006,52500244
ENSMUSG00000102044,Gm21249,Y,52607626,52608321
ENSMUSG00000099745,Gm28736,Y,52638196,52638810
ENSMUSG00000101883,Gm21840,Y,52674918,52675613
ENSMUSG00000102022,Gm28735,Y,52717904,52721143
ENSMUSG00000095606,Gm21258,Y,52780040,52806254
ENSMUSG00000099725,Gm28734,Y,52866444,52867139
ENSMUSG00000100853,Gm28232,Y,52903435,52903749
ENSMUSG00000099506,Gm28732,Y,52905155,52908497
ENSMUSG00000100584,Gm28733,Y,52940506,52943743
ENSMUSG00000101987,Gm21268,Y,53050791,53051486
ENSMUSG00000100072,Gm21275,Y,53125511,53126206
ENSMUSG00000101570,Gm28233,Y,53142435,53143976
ENSMUSG00000101885,Gm28235,Y,53146640,53148054
ENSMUSG00000100095,Gm28234,Y,53155091,53155705
ENSMUSG00000101420,Gm21902,Y,53191846,53192541
ENSMUSG00000099654,Gm28236,Y,53234010,53237249
ENSMUSG00000100834,Gm21285,Y,53341562,53342254
ENSMUSG00000094729,Gm20747,Y,53415953,53418291
ENSMUSG00000100332,Gm29250,Y,53435828,53437381
ENSMUSG00000100678,Gm29251,Y,53448533,53449147
ENSMUSG00000100507,Gm21906,Y,53485378,53486073
ENSMUSG00000101547,Gm29252,Y,53492167,53495514
ENSMUSG00000100401,Gm29248,Y,53527413,53530651
ENSMUSG00000101992,Gm29249,Y,53638130,53638825
ENSMUSG00000101367,Gm29484,Y,53712724,53713047
ENSMUSG00000101665,Gm21920,Y,53712724,53713418
ENSMUSG00000100778,Gm28908,Y,53729612,53731157
ENSMUSG00000100835,Gm28907,Y,53744649,53745263
ENSMUSG00000101446,Gm21749,Y,53781510,53782205
ENSMUSG00000100045,Gm20929,Y,53843949,53870150
ENSMUSG00000101018,Gm28910,Y,53935335,53936030
ENSMUSG00000101178,Gm28909,Y,53963830,53964144
ENSMUSG00000101566,Gm28276,Y,53965560,53968902
ENSMUSG00000101190,Gm28274,Y,54001257,54004153
ENSMUSG00000099942,Gm28275,Y,54111675,54112369
ENSMUSG00000100864,Gm21302,Y,54185975,54186670
ENSMUSG00000101368,Gm28290,Y,54215782,54216395
ENSMUSG00000099682,Gm28292,Y,54252619,54253315
ENSMUSG00000100227,Gm28291,Y,54290514,54293753
ENSMUSG00000099456,Gm28293,Y,54331574,54334811
ENSMUSG00000099594,Gm21740,Y,54414823,54415518
ENSMUSG00000101267,Gm21912,Y,54489116,54489811
ENSMUSG00000101783,Gm28698,Y,54518821,54519435
ENSMUSG00000099466,Gm29304,Y,54555613,54556307
ENSMUSG00000100089,Gm29305,Y,54562411,54565757
ENSMUSG00000101542,Gm29303,Y,54604372,54607612
ENSMUSG00000096518,Gm21894,Y,54656882,54680980
ENSMUSG00000099509,Gm29307,Y,54741985,54742680
ENSMUSG00000100424,Gm29557,Y,54819758,54820616
ENSMUSG00000095985,Gm23052,Y,54928997,54929104
ENSMUSG00000101490,Gm20927,Y,54968742,54969437
ENSMUSG00000099993,Gm20930,Y,55043309,55044004
ENSMUSG00000101534,Gm29306,Y,55072993,55073607
ENSMUSG00000101364,Gm29300,Y,55109869,55110564
ENSMUSG00000101422,Gm29301,Y,55151575,55154817
ENSMUSG00000094570,Gm20931,Y,55213720,55239871
ENSMUSG00000100488,Gm29559,Y,55300023,55300718
ENSMUSG00000100184,Gm29558,Y,55336978,55337352
ENSMUSG00000101967,Gm29555,Y,55373936,55377172
ENSMUSG00000102035,Gm21733,Y,55483291,55483986
ENSMUSG00000101228,Gm21330,Y,55557648,55558343
ENSMUSG00000101723,Gm28355,Y,55574640,55576183
ENSMUSG00000102056,Gm28354,Y,55587284,55587961
ENSMUSG00000100052,Gm28353,Y,55624376,55624945
ENSMUSG00000099442,Gm28352,Y,55630825,55634171
ENSMUSG00000095135,Gm21858,Y,55731756,55757908
ENSMUSG00000100195,Gm29244,Y,55767560,55768255
ENSMUSG00000101148,Gm28200,Y,55796060,55796374
ENSMUSG00000101580,Gm28201,Y,55797791,55801133
ENSMUSG00000100054,Gm28202,Y,55833464,55836360
ENSMUSG00000100207,Gm28203,Y,55943933,55944627
ENSMUSG00000100142,Gm21340,Y,56018223,56018918
ENSMUSG00000100889,Gm28204,Y,56047994,56048607
ENSMUSG00000099607,Gm28205,Y,56084836,56085532
ENSMUSG00000100242,Gm28206,Y,56091402,56094749
ENSMUSG00000100167,Gm28207,Y,56125273,56128511
ENSMUSG00000100144,Gm28208,Y,56166623,56169519
ENSMUSG00000102103,Gm21851,Y,56249458,56250153
ENSMUSG00000099527,Gm21819,Y,56323625,56324320
ENSMUSG00000101045,Gm29224,Y,56353334,56353948
ENSMUSG00000099920,Gm29223,Y,56390152,56390846
ENSMUSG00000101021,Gm29222,Y,56396951,56400297
ENSMUSG00000099485,Gm29221,Y,56420276,56429767
ENSMUSG00000099548,Gm29220,Y,56438870,56442111
ENSMUSG00000096875,Gm21815,Y,56502245,56526833
ENSMUSG00000099978,Gm29407,Y,56725602,56726297
ENSMUSG00000101150,Gm29405,Y,56803398,56804256
ENSMUSG00000099595,Gm29406,Y,56941294,56942627
ENSMUSG00000100539,Gm20913,Y,57016825,57017520
ENSMUSG00000100073,Gm29404,Y,57033825,57035409
ENSMUSG00000100223,Gm29403,Y,57046538,57047152
ENSMUSG00000100772,Gm28350,Y,57083340,57084035
ENSMUSG00000101782,Gm28964,Y,57125046,57128288
ENSMUSG00000101155,Sly,Y,57187188,57213362
ENSMUSG00000100295,Gm28165,Y,57273550,57274243
ENSMUSG00000100578,Gm28709,Y,57343729,57354175
ENSMUSG00000101245,Gm28965,Y,57347488,57350727
ENSMUSG00000100456,Gm21868,Y,57457146,57459489
ENSMUSG00000096122,Gm21943,Y,57531412,57533744
ENSMUSG00000101943,Gm28532,Y,57559217,57563464
ENSMUSG00000100724,Gm28533,Y,57598047,57600691
ENSMUSG00000099388,Gm28966,Y,57643572,57646813
ENSMUSG00000101399,Gm28961,Y,57705697,57731932
ENSMUSG00000101350,Gm28962,Y,57821935,57824297
ENSMUSG00000100614,Gm28963,Y,57850477,57853710
ENSMUSG00000100501,Gm29466,Y,58047925,58048452
ENSMUSG00000100083,Gm29467,Y,58080000,58082699
ENSMUSG00000101991,Gm21724,Y,58368835,58369530
ENSMUSG00000100076,Gm20963,Y,58404476,58405003
ENSMUSG00000101100,Gm28326,Y,58427109,58429470
ENSMUSG00000101744,Gm28325,Y,58491793,58494156
ENSMUSG00000095807,Gm21405,Y,58573017,58599050
ENSMUSG00000101317,Gm28284,Y,58688586,58691821
ENSMUSG00000101244,Gm29368,Y,58717540,58720772
ENSMUSG00000096626,Gm21861,Y,58782567,58814597
ENSMUSG00000100085,Gm21413,Y,58914727,58915254
ENSMUSG00000101424,Gm28073,Y,58956281,58958645
ENSMUSG00000100264,Gm21419,Y,58980963,58981489
ENSMUSG00000100715,Gm28074,Y,59022160,59025399
ENSMUSG00000100582,Gm21428,Y,59047279,59047806
ENSMUSG00000099551,Gm28072,Y,59085108,59087386
ENSMUSG00000096347,Gm21758,Y,59395263,59427276
ENSMUSG00000101531,Gm29672,Y,59489253,59492035
ENSMUSG00000100425,Gm29131,Y,59517690,59520925
ENSMUSG00000101005,Gm20871,Y,59606702,59632768
ENSMUSG00000101300,Gm29130,Y,59709922,59712281
ENSMUSG00000101426,Gm20978,Y,59734683,59735210
ENSMUSG00000101891,Gm29132,Y,59771637,59774001
ENSMUSG00000100238,Gm21450,Y,59796432,59796959
ENSMUSG00000101103,Gm21843,Y,59831762,59832455
ENSMUSG00000099866,Gm28889,Y,60115080,60117779
ENSMUSG00000101110,Gm28890,Y,60149350,60149876
ENSMUSG00000095141,Gm28891,Y,60241202,60273250
ENSMUSG00000101910,Gm28691,Y,60335115,60338347
ENSMUSG00000100579,Gm28692,Y,60364506,60366868
ENSMUSG00000094217,Gm20794,Y,60457472,60481481
ENSMUSG00000100057,Gm28690,Y,60558018,60560378
ENSMUSG00000101592,Gm28689,Y,60585092,60585619
ENSMUSG00000100609,Gm28687,Y,60622325,60625558
ENSMUSG00000101993,Gm20987,Y,60647205,60647732
ENSMUSG00000099935,Gm21918,Y,60682607,60683302
ENSMUSG00000100667,1700040F15Rik,Y,61102247,61134259
ENSMUSG00000100012,Gm29207,Y,61196077,61199308
ENSMUSG00000099836,Gm29204,Y,61224998,61228233
ENSMUSG00000100575,Gm21489,Y,61317789,61343815
ENSMUSG00000101676,Gm21832,Y,61385172,61385862
ENSMUSG00000101510,Gm21573,Y,61460025,61460715
ENSMUSG00000099393,Gm28179,Y,61487651,61491872
ENSMUSG00000100404,Gm21577,Y,61526583,61527279
ENSMUSG00000099865,Gm29206,Y,61556222,61583931
ENSMUSG00000101353,Gm29203,Y,61577303,61580542
ENSMUSG00000100726,Gm21497,Y,61646746,61672861
ENSMUSG00000100474,Gm29614,Y,61734378,61735071
ENSMUSG00000100757,Gm29613,Y,61771371,61771683
ENSMUSG00000100606,Gm29612,Y,61773101,61776445
ENSMUSG00000101170,Gm29343,Y,61789649,61815122
ENSMUSG00000099355,Gm29342,Y,61808456,61811695
ENSMUSG00000100559,Gm20803,Y,61945610,61947950
ENSMUSG00000099739,Gm20804,Y,62020383,62021078
ENSMUSG00000100874,Gm28598,Y,62050034,62050648
ENSMUSG00000101689,Gm28599,Y,62086944,62087637
ENSMUSG00000101285,Gm28600,Y,62128751,62131989
ENSMUSG00000094821,Gm21518,Y,62190866,62217137
ENSMUSG00000099626,Gm28185,Y,62278251,62278944
ENSMUSG00000102108,Gm29037,Y,62315220,62315532
ENSMUSG00000093950,Gm20823,Y,62462504,62464845
ENSMUSG00000101323,Gm21877,Y,62537238,62537931
ENSMUSG00000101326,Gm28835,Y,62564851,62569079
ENSMUSG00000101466,Gm29548,Y,62603763,62604456
ENSMUSG00000101614,Gm29547,Y,62648296,62651535
ENSMUSG00000100307,Gm29546,Y,62717008,62741658
ENSMUSG00000101882,Gm29545,Y,62802222,62802915
ENSMUSG00000099585,Gm29544,Y,62839197,62839509
ENSMUSG00000101182,Gm29209,Y,62874899,62885362
ENSMUSG00000101668,Gm29549,Y,62878705,62881941
ENSMUSG00000101998,Gm21530,Y,62980472,62981165
ENSMUSG00000099975,Gm21617,Y,63055181,63055871
ENSMUSG00000099783,Gm28589,Y,63084819,63085433
ENSMUSG00000101390,Gm29420,Y,63121523,63122216
ENSMUSG00000099699,Gm29421,Y,63164534,63167772
ENSMUSG00000100856,Gm21627,Y,63228427,63254644
ENSMUSG00000101544,Gm29422,Y,63316283,63316976
ENSMUSG00000100159,Gm28808,Y,63353282,63353594
ENSMUSG00000101864,Gm21634,Y,63500905,63501598
ENSMUSG00000100712,Gm28446,Y,63642375,63643068
ENSMUSG00000101119,Gm29060,Y,63680536,63691008
ENSMUSG00000099520,Gm29061,Y,63684343,63687582
ENSMUSG00000100520,Gm20885,Y,63747931,63772555
ENSMUSG00000102107,Gm29062,Y,63833904,63834597
ENSMUSG00000101057,Gm29057,Y,63870836,63871150
ENSMUSG00000101125,Gm29625,Y,63901888,63905126
ENSMUSG00000101887,Gm21654,Y,64012428,64013118
ENSMUSG00000100521,Gm29058,Y,64042912,64043526
ENSMUSG00000101790,Gm29059,Y,64079628,64079942
ENSMUSG00000100452,Gm29628,Y,64116692,64119931
ENSMUSG00000101403,Gm20882,Y,64227060,64227755
ENSMUSG00000101830,Gm20907,Y,64301906,64302598
ENSMUSG00000100322,Gm29624,Y,64323591,64333679
ENSMUSG00000099350,Gm29623,Y,64368159,64368854
ENSMUSG00000100329,Gm29622,Y,64374713,64378051
ENSMUSG00000099940,Gm29265,Y,64411147,64414386
ENSMUSG00000101766,Gm20908,Y,64473266,64499452
ENSMUSG00000101530,Gm29259,Y,64560834,64561527
ENSMUSG00000100676,Gm28860,Y,64597860,64598172
ENSMUSG00000101539,Gm28252,Y,64634929,64638168
ENSMUSG00000100353,Gm28859,Y,64784166,64784781
ENSMUSG00000101022,Gm20921,Y,64858686,64859337
ENSMUSG00000100165,Gm28253,Y,64886721,64890470
ENSMUSG00000100077,Gm21826,Y,64925085,64925780
ENSMUSG00000101569,Gm28254,Y,64939471,64942813
ENSMUSG00000101184,Gm28861,Y,64944223,64944537
ENSMUSG00000099386,Gm28255,Y,64980714,64981407
ENSMUSG00000095103,Gm21171,Y,65043717,65068377
ENSMUSG00000095785,Gm20924,Y,65205185,65207527
ENSMUSG00000101982,Gm28990,Y,65227389,65238079
ENSMUSG00000099487,Gm21848,Y,65272580,65273275
ENSMUSG00000101507,Gm29457,Y,65315569,65318808
ENSMUSG00000093993,Gm20736,Y,65377690,65403917
ENSMUSG00000100956,Gm28558,Y,65464101,65464796
ENSMUSG00000100942,Gm28560,Y,65501095,65501409
ENSMUSG00000100333,Gm28561,Y,65502815,65506157
ENSMUSG00000100126,Gm29584,Y,65538170,65541407
ENSMUSG00000101679,Gm20936,Y,65648517,65649174
ENSMUSG00000099434,Gm20934,Y,65723224,65723919
ENSMUSG00000101177,Gm29586,Y,65744349,65754999
ENSMUSG00000100993,Gm21895,Y,65789555,65790250
ENSMUSG00000099778,Gm28134,Y,65796354,65799698
ENSMUSG00000101512,Gm28135,Y,65831727,65834966
ENSMUSG00000100136,Gm20933,Y,65939270,65939962
ENSMUSG00000101256,Gm28133,Y,66079007,66081905
ENSMUSG00000101758,Gm28137,Y,66079219,66085944
ENSMUSG00000099395,Gm28138,Y,66114135,66117482
ENSMUSG00000100982,Gm21837,Y,66123576,66124271
ENSMUSG00000100988,Gm28136,Y,66158903,66169041
ENSMUSG00000099368,Gm21910,Y,66338549,66339244
ENSMUSG00000101032,Gm29377,Y,66373890,66378615
ENSMUSG00000101010,Gm21889,Y,66407337,66408031
ENSMUSG00000100447,Gm29378,Y,66517962,66518276
ENSMUSG00000100607,Gm29379,Y,66519692,66523034
ENSMUSG00000099829,Gm29380,Y,66551277,66558067
ENSMUSG00000101278,Gm29381,Y,66555040,66558276
ENSMUSG00000101442,Gm28795,Y,66665803,66666497
ENSMUSG00000096666,Gm20852,Y,66739787,66742123
ENSMUSG00000100373,Gm29003,Y,66756992,66761183
ENSMUSG00000101202,Gm28749,Y,66761310,66771942
ENSMUSG00000102077,Gm29001,Y,66806564,66807260
ENSMUSG00000099852,Gm29002,Y,66971123,66971818
ENSMUSG00000095302,Ssty2,Y,67045743,67048072
ENSMUSG00000099570,Gm29000,Y,67067281,67077900
ENSMUSG00000100569,Gm28646,Y,67112508,67113204
ENSMUSG00000100809,Gm28612,Y,67150595,67156992
ENSMUSG00000099962,Gm28613,Y,67154406,67157201
ENSMUSG00000100547,Gm28611,Y,67264488,67265183
ENSMUSG00000099755,Gm21114,Y,67339176,67339871
ENSMUSG00000101686,Gm29633,Y,67366350,67371083
ENSMUSG00000099457,Gm21794,Y,67405714,67406409
ENSMUSG00000101313,Gm29219,Y,67469611,67472849
ENSMUSG00000100478,Gm29632,Y,67503622,67506965
ENSMUSG00000101083,Gm29631,Y,67508374,67508688
ENSMUSG00000102118,Gm29637,Y,67544885,67545580
ENSMUSG00000096881,Gm20874,Y,67606856,67631468
ENSMUSG00000099716,Gm29082,Y,67675333,67685792
ENSMUSG00000101794,Gm29217,Y,67678772,67682009
ENSMUSG00000101529,Gm29636,Y,67716432,67719778
ENSMUSG00000099335,Gm29635,Y,67721188,67721502
ENSMUSG00000100897,Gm29634,Y,67757697,67758392
ENSMUSG00000101139,Gm29639,Y,67818566,67829491
ENSMUSG00000101164,Gm29218,Y,67917874,67928301
ENSMUSG00000101825,Gm21806,Y,67948842,67949537
ENSMUSG00000099976,Gm20935,Y,68023542,68024234
ENSMUSG00000099501,Gm29662,Y,68131623,68134861
ENSMUSG00000099991,Gm29660,Y,68165621,68168964
ENSMUSG00000101358,Gm29661,Y,68170371,68170685
ENSMUSG00000101816,Gm29659,Y,68206802,68207497
ENSMUSG00000096016,Gm20937,Y,68268651,68294898
ENSMUSG00000101861,Gm29450,Y,68353849,68357085
ENSMUSG00000101598,Gm29449,Y,68388969,68392312
ENSMUSG00000100216,Gm21867,Y,68398364,68399059
ENSMUSG00000099641,Gm29448,Y,68435293,68435907
ENSMUSG00000100271,Gm21127,Y,68464868,68465560
ENSMUSG00000095634,Gm20816,Y,68537955,68540290
ENSMUSG00000101393,Gm29447,Y,68667605,68670844
ENSMUSG00000100885,Gm29446,Y,68702856,68706197
ENSMUSG00000101120,Gm29452,Y,68707611,68707923
ENSMUSG00000101216,Gm29451,Y,68744295,68744990
ENSMUSG00000100032,Gm20817,Y,68806596,68832728
ENSMUSG00000101080,Gm28633,Y,68898829,68901325
ENSMUSG00000100308,Gm29410,Y,68951290,68951983
ENSMUSG00000101106,Gm28819,Y,68986605,68997200
ENSMUSG00000102119,Gm28462,Y,68999952,69001511
ENSMUSG00000101147,Gm20818,Y,69017824,69018516
ENSMUSG00000101143,Gm21151,Y,69092807,69093499
ENSMUSG00000102005,Gm29409,Y,69200934,69203089
ENSMUSG00000101491,Gm28632,Y,69241518,69244757
ENSMUSG00000100624,Gm28101,Y,69286102,69286798
ENSMUSG00000102388,Gm33815,Y,69321132,69331861
ENSMUSG00000102131,Gm21160,Y,69352610,69353305
ENSMUSG00000094699,Gm28637,Y,69380245,69383755
ENSMUSG00000100659,Gm28636,Y,69449055,69449750
ENSMUSG00000101254,Gm20932,Y,69625824,69626517
ENSMUSG00000100976,Gm29134,Y,69670176,69670660
ENSMUSG00000100489,Gm28303,Y,69736260,69737006
ENSMUSG00000101239,Gm28304,Y,69764804,69765115
ENSMUSG00000100971,Gm28824,Y,69766529,69769872
ENSMUSG00000099555,Gm28081,Y,69801845,69805081
ENSMUSG00000101369,Gm28080,Y,69908283,69909004
ENSMUSG00000101096,Gm21524,Y,69982864,69983559
ENSMUSG00000099550,Gm28079,Y,70004208,70014899
ENSMUSG00000102065,Gm28302,Y,70049469,70050165
ENSMUSG00000100278,Gm28082,Y,70089894,70093132
ENSMUSG00000100692,Gm21672,Y,70196838,70197533
ENSMUSG00000094052,Gm21118,Y,70271306,70273642
ENSMUSG00000099530,Gm29644,Y,70271306,70303343
ENSMUSG00000101725,Gm29423,Y,70292585,70303287
ENSMUSG00000099948,Gm29424,Y,70337927,70338622
ENSMUSG00000104442,4932431L22Rik,Y,70367444,70370583
ENSMUSG00000101440,Gm29425,Y,70379763,70383001
ENSMUSG00000094616,Gm20888,Y,70441882,70468158
ENSMUSG00000100653,Gm28238,Y,70523216,70523822
ENSMUSG00000101421,Gm28433,Y,70558412,70558726
ENSMUSG00000101706,Gm28431,Y,70560130,70563472
ENSMUSG00000101627,Gm28432,Y,70595458,70598696
ENSMUSG00000101852,Gm20886,Y,70706137,70706829
ENSMUSG00000099438,Gm21808,Y,70780706,70781401
ENSMUSG00000101786,Gm28840,Y,70802328,70812605
ENSMUSG00000099806,Gm28841,Y,70847257,70847951
ENSMUSG00000099704,Gm28842,Y,70890698,70893937
ENSMUSG00000101383,Gm28843,Y,70959371,70984031
ENSMUSG00000099914,Gm28837,Y,71044486,71045181
ENSMUSG00000099369,Gm28838,Y,71081471,71081785
ENSMUSG00000101893,Gm28839,Y,71083196,71086543
ENSMUSG00000100442,Gm20866,Y,71223310,71224005
ENSMUSG00000101518,Gm20868,Y,71297957,71298649
ENSMUSG00000101374,Gm28844,Y,71319469,71329800
ENSMUSG00000101255,Gm21841,Y,71364314,71365009
ENSMUSG00000101713,Gm28668,Y,71407250,71410489
ENSMUSG00000099531,Gm20869,Y,71469449,71495632
ENSMUSG00000100008,Gm28481,Y,71592909,71593223
ENSMUSG00000101134,Gm28482,Y,71626238,71636635
ENSMUSG00000100537,Gm28485,Y,71629963,71633202
ENSMUSG00000100535,Gm20870,Y,71692043,71718226
ENSMUSG00000099738,Gm28483,Y,71779869,71780564
ENSMUSG00000101988,Gm28484,Y,71816900,71817211
ENSMUSG00000101336,Gm28480,Y,71964607,71965059
ENSMUSG00000101593,Gm20842,Y,72038997,72039692
ENSMUSG00000101444,Gm29179,Y,72060142,72070812
ENSMUSG00000099733,Gm21880,Y,72103391,72104086
ENSMUSG00000101339,Gm29180,Y,72122523,72122837
ENSMUSG00000099731,Gm29181,Y,72158991,72159686
ENSMUSG00000096902,Gm20843,Y,72220863,72247118
ENSMUSG00000100694,Gm29182,Y,72271926,72275164
ENSMUSG00000101844,Gm20844,Y,72382594,72383247
ENSMUSG00000100898,Gm29178,Y,72404732,72415274
ENSMUSG00000101857,Gm21757,Y,72449783,72450478
ENSMUSG00000101836,Gm28968,Y,72635212,72635907
ENSMUSG00000102008,Gm28495,Y,72672209,72672523
ENSMUSG00000100869,Gm20846,Y,72819638,72820330
ENSMUSG00000101277,Gm20847,Y,72894527,72895204
ENSMUSG00000099371,Gm20848,Y,72968032,72968709
ENSMUSG00000102129,Gm28969,Y,72989161,72999814
ENSMUSG00000100359,Gm21766,Y,73034444,73035139
ENSMUSG00000099495,Gm20800,Y,73239212,73239904
ENSMUSG00000101747,Gm21683,Y,73313835,73314512
ENSMUSG00000100379,Gm28677,Y,73337918,73348642
ENSMUSG00000101715,Gm21855,Y,73383284,73383979
ENSMUSG00000101425,Gm29255,Y,73425315,73428553
ENSMUSG00000100698,Gm20902,Y,73535535,73536230
ENSMUSG00000099547,Gm28678,Y,73606862,73607557
ENSMUSG00000099782,Gm20903,Y,73669315,73695486
ENSMUSG00000101038,Gm28272,Y,73760573,73761268
ENSMUSG00000100604,Gm29256,Y,73789144,73789455
ENSMUSG00000099554,Gm28259,Y,73826159,73829395
ENSMUSG00000101757,Gm28273,Y,73936805,73937499
ENSMUSG00000100179,Gm21715,Y,74011465,74012158
ENSMUSG00000099685,Gm29617,Y,74032832,74043464
ENSMUSG00000100251,Gm29615,Y,74078103,74078799
ENSMUSG00000101774,Gm29616,Y,74118552,74121790
ENSMUSG00000099883,Gm21784,Y,74225845,74226538
ENSMUSG00000100363,Gm20805,Y,74300200,74300895
ENSMUSG00000100276,Gm29618,Y,74329960,74330574
ENSMUSG00000101318,Gm29109,Y,74366787,74367482
ENSMUSG00000100805,Gm29108,Y,74408375,74411613
ENSMUSG00000101528,Gm29110,Y,74470531,74496958
ENSMUSG00000099661,Gm28781,Y,74557760,74558455
ENSMUSG00000094507,Gm21913,Y,74623896,74624978
ENSMUSG00000100115,Gm28174,Y,74635822,74636680
ENSMUSG00000093946,Gm22832,Y,74749140,74749247
ENSMUSG00000101881,Gm21076,Y,74788951,74789646
ENSMUSG00000101218,Gm29416,Y,74800197,74803127
ENSMUSG00000094654,Gm25359,Y,74910855,74910962
ENSMUSG00000101128,Gm21869,Y,74950643,74951338
ENSMUSG00000101788,Gm20813,Y,75025380,75026084
ENSMUSG00000102087,Gm28790,Y,75055064,75055678
ENSMUSG00000101428,Gm29272,Y,75091899,75092594
ENSMUSG00000100140,Gm28789,Y,75133734,75136973
ENSMUSG00000101146,Gm20814,Y,75195856,75222058
ENSMUSG00000099499,Gm28787,Y,75282305,75283000
ENSMUSG00000101213,Gm28788,Y,75319249,75319623
ENSMUSG00000099896,Gm29278,Y,75356342,75359578
ENSMUSG00000101980,Gm21922,Y,75465695,75466372
ENSMUSG00000100669,Gm21111,Y,75539703,75540398
ENSMUSG00000100260,Gm28608,Y,75568897,75569511
ENSMUSG00000100675,Gm28607,Y,75605692,75606030
ENSMUSG00000100544,Gm28606,Y,75653226,75656465
ENSMUSG00000100902,Gm20850,Y,75715322,75741549
ENSMUSG00000100673,Gm29574,Y,75801932,75802627
ENSMUSG00000102025,Gm29575,Y,75838914,75839228
ENSMUSG00000099944,Gm21875,Y,75986728,75987423
ENSMUSG00000100226,Gm20904,Y,76060956,76061651
ENSMUSG00000101957,Gm29576,Y,76090562,76091239
ENSMUSG00000101071,Gm29577,Y,76127494,76128186
ENSMUSG00000099425,Gm29573,Y,76232645,76258846
ENSMUSG00000101020,Gm28377,Y,76319160,76319879
ENSMUSG00000094404,Gm21776,Y,76378662,76379744
ENSMUSG00000101408,Gm21155,Y,76500775,76501467
ENSMUSG00000100643,Gm21163,Y,76575718,76576410
ENSMUSG00000101898,Gm28122,Y,76605450,76606064
ENSMUSG00000100050,Gm28121,Y,76642270,76642608
ENSMUSG00000100708,Gm21173,Y,76761600,76787729
ENSMUSG00000101238,Gm28123,Y,76849181,76849876
ENSMUSG00000100406,Gm28120,Y,76886276,76886590
ENSMUSG00000099526,Gm29313,Y,76923339,76926578
ENSMUSG00000100560,Gm21180,Y,77074033,77074728
ENSMUSG00000101478,Gm20859,Y,77148730,77149422
ENSMUSG00000101283,Gm29314,Y,77178372,77178986
ENSMUSG00000100907,Gm29310,Y,77215227,77215922
ENSMUSG00000101960,Gm29311,Y,77257246,77260032
ENSMUSG00000095179,Gm21638,Y,77318999,77345251
ENSMUSG00000101917,Gm29312,Y,77406356,77407051
ENSMUSG00000101205,Gm29308,Y,77443200,77443514
ENSMUSG00000100526,Gm29309,Y,77444923,77448266
ENSMUSG00000101785,Gm28702,Y,77476817,77481943
ENSMUSG00000100149,Gm28701,Y,77478913,77481137
ENSMUSG00000101602,Gm28700,Y,77496199,77507125
ENSMUSG00000099953,Gm28699,Y,77567319,77568014
ENSMUSG00000102032,Gm28705,Y,77604231,77604545
ENSMUSG00000100823,Gm28704,Y,77605955,77609301
ENSMUSG00000099416,Gm28540,Y,77643677,77646914
ENSMUSG00000094647,Gm21650,Y,77692808,77719038
ENSMUSG00000099646,Gm28541,Y,77751103,77752125
ENSMUSG00000099535,Gm28542,Y,77780148,77780843
ENSMUSG00000099606,Gm28537,Y,77817041,77817355
ENSMUSG00000100063,Gm28538,Y,77818761,77822104
ENSMUSG00000100722,Gm29569,Y,77854094,77857332
ENSMUSG00000096898,Gm20867,Y,77960873,77963204
ENSMUSG00000101017,Gm21658,Y,78035019,78035714
ENSMUSG00000100366,Gm29568,Y,78052004,78053545
ENSMUSG00000100888,Gm29567,Y,78064684,78065298
ENSMUSG00000100433,Gm21198,Y,78101505,78102200
ENSMUSG00000102111,Gm29566,Y,78147088,78157505
ENSMUSG00000101060,Gm29565,Y,78150852,78154091
ENSMUSG00000099792,Gm29564,Y,78212993,78239189
ENSMUSG00000099497,Gm29147,Y,78323566,78323880
ENSMUSG00000099479,Gm29146,Y,78325294,78328635
ENSMUSG00000101115,Gm28664,Y,78356809,78367279
ENSMUSG00000100849,Gm28663,Y,78360628,78363865
ENSMUSG00000101194,Gm29149,Y,78471258,78471953
ENSMUSG00000099742,Gm29148,Y,78545906,78546241
ENSMUSG00000100999,Gm29145,Y,78573401,78573856
ENSMUSG00000101562,Gm29144,Y,78609396,78609734
ENSMUSG00000101321,Gm28817,Y,78632526,78657490
ENSMUSG00000100328,Gm28816,Y,78651259,78654053
ENSMUSG00000101098,Gm20808,Y,78761346,78762038
ENSMUSG00000094739,Gm20806,Y,78835721,78838056
ENSMUSG00000102071,Gm28815,Y,78865482,78866096
ENSMUSG00000100741,Gm28814,Y,78902314,78903009
ENSMUSG00000101804,Gm28813,Y,78927796,78931033
ENSMUSG00000099621,Gm20919,Y,79074245,79074940
ENSMUSG00000095867,Gm20917,Y,79148789,79151122
ENSMUSG00000100784,Gm28421,Y,79165870,79167412
ENSMUSG00000101044,Gm28420,Y,79178550,79179164
ENSMUSG00000099670,Gm28423,Y,79215343,79216038
ENSMUSG00000099636,Gm28422,Y,79257493,79260745
ENSMUSG00000094746,Gm20916,Y,79319565,79345707
ENSMUSG00000100494,Gm29033,Y,79406050,79406745
ENSMUSG00000101118,Gm29034,Y,79442960,79443274
ENSMUSG00000101748,Gm21823,Y,79590266,79590961
ENSMUSG00000101259,Gm21242,Y,79664875,79665570
ENSMUSG00000100610,Gm29031,Y,79694715,79695328
ENSMUSG00000101197,Gm29032,Y,79731521,79732217
ENSMUSG00000102016,Gm29606,Y,79773450,79776245
ENSMUSG00000101340,Gm29607,Y,79883600,79884295
ENSMUSG00000099972,Gm21248,Y,79958386,79959081
ENSMUSG00000101733,Gm29189,Y,79985619,79986233
ENSMUSG00000102019,Gm21873,Y,80022433,80023128
ENSMUSG00000101465,Gm29190,Y,80071842,80075081
ENSMUSG00000095578,Gm21760,Y,80133779,80159975
ENSMUSG00000099734,Gm28159,Y,80220073,80220768
ENSMUSG00000100723,Gm28160,Y,80239443,80239757
ENSMUSG00000101981,Gm28157,Y,80241172,80244513
ENSMUSG00000100148,Gm28158,Y,80388569,80389264
ENSMUSG00000100756,Gm21257,Y,80463234,80463929
ENSMUSG00000099805,Gm28161,Y,80493027,80493640
ENSMUSG00000101070,Gm28695,Y,80529823,80530519
ENSMUSG00000100286,Gm28696,Y,80536406,80539754
ENSMUSG00000101833,Gm20791,Y,80681811,80682503
ENSMUSG00000101688,Gm20841,Y,80756339,80757034
ENSMUSG00000099679,Gm28899,Y,80785961,80786575
ENSMUSG00000099677,Gm21722,Y,80822758,80823453
ENSMUSG00000100925,Gm28898,Y,80829542,80832885
ENSMUSG00000099740,Gm28897,Y,80926995,80953258
ENSMUSG00000101637,Gm28896,Y,81013392,81014087
ENSMUSG00000100245,Gm21282,Y,81203798,81204493
ENSMUSG00000100469,Gm28895,Y,81284980,81285675
ENSMUSG00000100821,Gm28894,Y,81314499,81315113
ENSMUSG00000101058,Gm21829,Y,81351339,81352034
ENSMUSG00000100187,Gm29324,Y,81395901,81399138
ENSMUSG00000099894,Gm20911,Y,81458007,81484087
ENSMUSG00000100125,Gm28739,Y,81545079,81545774
ENSMUSG00000101962,Gm28741,Y,81618972,81622209
ENSMUSG00000100978,Gm20912,Y,81724610,81725302
ENSMUSG00000100519,Gm20801,Y,81799290,81799967
ENSMUSG00000100598,Gm28742,Y,81831779,81832393
ENSMUSG00000100591,Gm21919,Y,81868597,81869292
ENSMUSG00000100879,Gm28743,Y,81875412,81878760
ENSMUSG00000099480,Gm28124,Y,81910690,81913928
ENSMUSG00000101914,Gm21790,Y,82019229,82019921
ENSMUSG00000099834,Gm21728,Y,82093811,82094505
ENSMUSG00000100298,Gm28126,Y,82110703,82112245
ENSMUSG00000101201,Gm28125,Y,82125942,82126556
ENSMUSG00000100438,Gm21825,Y,82162737,82163432
ENSMUSG00000101286,Gm21317,Y,82225227,82251419
ENSMUSG00000100268,Gm29468,Y,82316567,82317262
ENSMUSG00000101343,Gm29469,Y,82345116,82345430
ENSMUSG00000101907,Gm29472,Y,82346845,82350188
ENSMUSG00000100035,Gm29473,Y,82382189,82385425
ENSMUSG00000101072,Gm29470,Y,82492958,82493653
ENSMUSG00000100994,Gm21333,Y,82567512,82568207
ENSMUSG00000100861,Gm29382,Y,82597290,82597904
ENSMUSG00000100317,Gm28224,Y,82633907,82634603
ENSMUSG00000101329,Gm28226,Y,82640490,82643838
ENSMUSG00000100532,Gm28225,Y,82675727,82678966
ENSMUSG00000099374,Gm21344,Y,82787051,82787743
ENSMUSG00000100882,Gm20849,Y,82861333,82862028
ENSMUSG00000101772,Gm28829,Y,82890986,82891600
ENSMUSG00000099667,Gm21901,Y,82927738,82928433
ENSMUSG00000099925,Gm28827,Y,83030947,83057301
ENSMUSG00000101582,Gm28828,Y,83117631,83118326
ENSMUSG00000101273,Gm28831,Y,83154640,83154954
ENSMUSG00000101508,Gm28832,Y,83191727,83194964
ENSMUSG00000100339,Gm21864,Y,83287884,83288579
ENSMUSG00000099546,Gm21802,Y,83361686,83362381
ENSMUSG00000101884,Gm28658,Y,83390832,83391446
ENSMUSG00000100906,Gm29238,Y,83427709,83428403
ENSMUSG00000100092,Gm21088,Y,83537567,83551484
ENSMUSG00000100284,Gm29239,Y,83617440,83618135
ENSMUSG00000096523,Gm25729,Y,83675342,83675449
ENSMUSG00000100986,Gm21741,Y,83715087,83715782
ENSMUSG00000101718,Gm20862,Y,83789871,83790566
ENSMUSG00000094454,Gm22624,Y,83812588,83812695
ENSMUSG00000099736,Gm20863,Y,83852364,83853059
ENSMUSG00000101657,Gm20864,Y,83927040,83927735
ENSMUSG00000100740,Gm29476,Y,83956703,83957317
ENSMUSG00000100718,Gm21717,Y,83993652,83994347
ENSMUSG00000100407,Gm28472,Y,84035192,84038431
ENSMUSG00000095153,Gm21095,Y,84097279,84123494
ENSMUSG00000100946,Gm28473,Y,84183656,84184351
ENSMUSG00000101851,Gm28474,Y,84220600,84220914
ENSMUSG00000100531,Gm28475,Y,84257641,84260877
ENSMUSG00000099483,Gm28476,Y,84365555,84366250
ENSMUSG00000101742,Gm21380,Y,84440269,84440964
ENSMUSG00000100024,Gm21782,Y,84489103,84489780
ENSMUSG00000094660,Gm21394,Y,84562572,84564907
ENSMUSG00000101052,Gm28471,Y,84591832,84592446
ENSMUSG00000100881,Gm21824,Y,84628700,84629395
ENSMUSG00000101160,Gm29338,Y,84677587,84680826
ENSMUSG00000099840,Gm21409,Y,84746685,84772902
ENSMUSG00000100951,Gm29339,Y,84833330,84834025
ENSMUSG00000101068,Gm28759,Y,84870410,84870724
ENSMUSG00000101405,Gm28758,Y,84872139,84875484
ENSMUSG00000099633,Gm29071,Y,84907473,84910700
ENSMUSG00000102079,Gm21879,Y,85016800,85017495
ENSMUSG00000100449,Gm28757,Y,85086652,85087347
ENSMUSG00000101990,Gm20856,Y,85168102,85168797
ENSMUSG00000099642,Gm28348,Y,85185081,85186662
ENSMUSG00000101354,Gm28973,Y,85197785,85198397
ENSMUSG00000101835,Gm21734,Y,85234678,85235373
ENSMUSG00000102127,Gm28972,Y,85241278,85244624
ENSMUSG00000099362,Gm28970,Y,85270801,85273114
ENSMUSG00000099921,Gm28971,Y,85305105,85308342
ENSMUSG00000095705,Gm24828,Y,85414018,85414125
ENSMUSG00000100581,Gm21785,Y,85453821,85454516
ENSMUSG00000095650,Gm20854,Y,85528517,85530908
ENSMUSG00000099477,Gm28349,Y,85558312,85558926
ENSMUSG00000102092,Gm21892,Y,85595215,85595910
ENSMUSG00000101989,Gm28346,Y,85601810,85605156
ENSMUSG00000100288,Gm28345,Y,85631293,85633606
ENSMUSG00000099341,Gm29090,Y,85661766,85672245
ENSMUSG00000101282,Gm28152,Y,85665589,85668826
ENSMUSG00000094937,Gm23770,Y,85774442,85774549
ENSMUSG00000101221,Gm21881,Y,85814214,85814909
ENSMUSG00000099992,Gm21435,Y,85888950,85889645
ENSMUSG00000101346,Gm29505,Y,85918649,85919263
ENSMUSG00000101230,Gm21862,Y,85955552,85956247
ENSMUSG00000102061,Gm28823,Y,85962134,85965480
ENSMUSG00000101961,Gm28220,Y,85999759,86002999
ENSMUSG00000100240,Gm20820,Y,86061772,86087952
ENSMUSG00000101347,Gm28219,Y,86148112,86148807
ENSMUSG00000099824,Gm28218,Y,86219344,86222581
ENSMUSG00000093928,Gm23863,Y,86326017,86326124
ENSMUSG00000100116,Gm20861,Y,86365731,86366423
ENSMUSG00000099524,Gm20860,Y,86434199,86434894
ENSMUSG00000100854,Gm28057,Y,86462812,86463426
ENSMUSG00000101092,Gm21796,Y,86499617,86500312
ENSMUSG00000100817,Gm29302,Y,86506173,86509519
ENSMUSG00000102110,Gm28440,Y,86540206,86543444
ENSMUSG00000100973,Gm29299,Y,86602267,86628474
ENSMUSG00000099588,Gm29298,Y,86688655,86689350
ENSMUSG00000100028,Gm29092,Y,86725724,86726038
ENSMUSG00000100350,Gm29091,Y,86727447,86730781
ENSMUSG00000100887,Gm29297,Y,86766062,86769299
ENSMUSG00000100655,Gm21462,Y,86869360,86870055
ENSMUSG00000101670,Gm21470,Y,86943624,86944319
ENSMUSG00000100773,Gm28366,Y,86975961,86976575
ENSMUSG00000101829,Gm21752,Y,87012768,87013463
ENSMUSG00000099496,Gm28365,Y,87054717,87057954
ENSMUSG00000094399,Gm21477,Y,87116821,87142917
ENSMUSG00000099912,Gm28368,Y,87203169,87203864
ENSMUSG00000100377,Gm28369,Y,87240115,87240429
ENSMUSG00000100243,Gm28367,Y,87277136,87280371
ENSMUSG00000101902,Gm29115,Y,87410364,87410978
ENSMUSG00000102132,Gm21813,Y,87447169,87447864
ENSMUSG00000099856,Gm20906,Y,87550966,87575691
ENSMUSG00000101241,Gm29111,Y,87636006,87636701
ENSMUSG00000100695,Gm28110,Y,87672938,87673252
ENSMUSG00000101866,Gm28109,Y,87674664,87678004
ENSMUSG00000101931,Gm28108,Y,87709966,87713202
ENSMUSG00000100355,Gm28107,Y,87824876,87825571
ENSMUSG00000101646,Gm28106,Y,87907268,87907882
ENSMUSG00000101250,Gm28105,Y,87948683,87949376
ENSMUSG00000100352,Gm28104,Y,87955242,87958590
ENSMUSG00000100682,Gm28103,Y,87987924,87994644
ENSMUSG00000101915,Gm28102,Y,88053315,88079494
ENSMUSG00000100746,Gm28716,Y,88140408,88141103
ENSMUSG00000099675,Gm28717,Y,88177283,88177597
ENSMUSG00000101770,Gm28718,Y,88179006,88182351
ENSMUSG00000099643,Gm29162,Y,88214304,88217542
ENSMUSG00000099777,Gm21777,Y,88260288,88260983
ENSMUSG00000100930,Gm28866,Y,88266844,88270188
ENSMUSG00000100440,Gm28405,Y,88302085,88305320
ENSMUSG00000101494,Gm21792,Y,88401353,88402048
ENSMUSG00000099649,Gm28406,Y,88418292,88419873
ENSMUSG00000100391,Gm28978,Y,88430978,88431592
ENSMUSG00000101984,Gm29436,Y,88474113,88477024
ENSMUSG00000100637,Gm20819,Y,88534613,88560905
ENSMUSG00000101850,Gm29437,Y,88621155,88621850
ENSMUSG00000099436,Gm28977,Y,88661193,88664536
ENSMUSG00000100067,Gm28407,Y,88696465,88699701
ENSMUSG00000100818,Gm21287,Y,88804758,88805453
ENSMUSG00000099529,Gm29390,Y,88885911,88886606
ENSMUSG00000101497,Gm29391,Y,88915556,88916170
ENSMUSG00000100870,Gm21720,Y,88952366,88953061
ENSMUSG00000101694,Gm29392,Y,88959176,88962524
ENSMUSG00000101533,Gm29393,Y,88994450,88997689
ENSMUSG00000102045,Gm21294,Y,89052806,89079015
ENSMUSG00000100492,Gm28672,Y,89222067,89225296
ENSMUSG00000100403,Gm21838,Y,89328773,89329468
ENSMUSG00000099982,Gm28670,Y,89391528,89394761
ENSMUSG00000100036,Gm28671,Y,89473657,89474348
ENSMUSG00000101402,Gm28673,Y,89607659,89610894
ENSMUSG00000100574,Gm28674,Y,89636206,89639438
ENSMUSG00000100330,Gm28531,Y,89656606,89657301
ENSMUSG00000100608,Gm21996,Y,89713424,89745532
ENSMUSG00000100270,Gm21803,Y,89846231,89846923
ENSMUSG00000102011,Gm28930,Y,89927120,89935013
ENSMUSG00000100246,Gm20879,Y,89999717,90000411
ENSMUSG00000100533,Gm29504,Y,90275224,90277501
ENSMUSG00000096178,Gm20837,Y,90401248,90433263
ENSMUSG00000100964,Gm29503,Y,90499047,90531645
ENSMUSG00000099619,Gm28300,Y,90603501,90605864
ENSMUSG00000099399,Gm28301,Y,90665346,90667625
ENSMUSG00000095366,Gm21860,Y,90752427,90755467
ENSMUSG00000095134,Mid1-ps1,Y,90753057,90763485
ENSMUSG00000096768,Gm47283,Y,90784738,90816465
ENSMUSG00000099871,Gm21742,Y,90837413,90844040
ENSMUSG00000096850,Gm21748,Y,90838869,90839177
